ModelRoot,root
ModelRoot_mesh,root_mesh
操作中心,operation_center
全ての親,root
センター,center
グルーブ,groove
グルーブ2,groove2
腰,waist
下半身,lower_body
腰キャンセル左,waist_cancel_L
左足,leg_L
左ひざ,knee_L
左足首,ankle_L
左つま先,toe_L
左足D,leg_D_L
左ひざD,knee_D_L
左足首D,ankle_D_L
左足先EX,toe_EX_L
腰キャンセル右,waist_cancel_R
右足,leg_R
右ひざ,knee_R
右足首,ankle_R
右つま先,toe_R
右足D,leg_D_R
右ひざD,knee_D_R
右足首D,ankle_D_R
右足先EX,toe_EX_R
左足調整1,leg_adjust1_L
左足調整2,leg_adjust2_L
左足調整3,leg_adjust3_L
右足調整1,leg_adjust1_R
右足調整2,leg_adjust2_R
右足調整3,leg_adjust3_R
Bone_Pelvis_M,Bone_Pelvis_M
上半身,upper_body
葫芦,gourd
上半身3,upper_body3
上半身2,upper_body2
首,neck
頭,head
Bone_Hair007_R,Bone_Hair007_R
Bone_Hair008_R,Bone_Hair008_R
Bone_Hair009_R,Bone_Hair009_R
Bone_Hair010_R,Bone_Hair010_R
Bone_Hair010_R先,Bone_Hair010_R_tip
Bone_Hair004_R,Bone_Hair004_R
Bone_Hair005_R,Bone_Hair005_R
Bone_Hair006_R,Bone_Hair006_R
Bone_Hair006_R先,Bone_Hair006_R_tip
Bone_Hair001_R,Bone_Hair001_R
Bone_Hair002_R,Bone_Hair002_R
Bone_Hair003_R,Bone_Hair003_R
Bone_Hair003_R先,Bone_Hair003_R_tip
Bone_Hair001_M,Bone_Hair001_M
Bone_Hair002_M,Bone_Hair002_M
Bone_Hair003_M,Bone_Hair003_M
Bone_Hair003_M先,Bone_Hair003_M_tip
Bone_Hair004_M,Bone_Hair004_M
Bone_Hair005_M,Bone_Hair005_M
Bone_Hair006_M,Bone_Hair006_M
Bone_Hair006_M先,Bone_Hair006_M_tip
Bone_Hair001_L,Bone_Hair001_L
Bone_Hair002_L,Bone_Hair002_L
Bone_Hair003_L,Bone_Hair003_L
Bone_Hair003_L先,Bone_Hair003_L_tip
Bone_Hair011_L,Bone_Hair011_L
Bone_Hair012_L,Bone_Hair012_L
Bone_Hair013_L,Bone_Hair013_L
Bone_Hair014_L,Bone_Hair014_L
Bone_Hair014_L先,Bone_Hair014_L_tip
Bone_Hair015_L,Bone_Hair015_L
Bone_Hair016_L,Bone_Hair016_L
Bone_Hair017_L,Bone_Hair017_L
Bone_Hair017_L先,Bone_Hair017_L_tip
左侧发1,side_hair1_L
左侧发2,side_hair2_L
左侧发3,side_hair3_L
左侧发4,side_hair4_L
左侧发5,side_hair5_L
左侧发6,side_hair6_L
左侧发7,side_hair7_L
左侧发8,side_hair8_L
左侧发9,side_hair9_L
左侧发10,side_hair10_L
左侧发11,side_hair11_L
左侧发12,side_hair12_L
左侧发13,side_hair13_L
右侧发1,side_hair1_R
右侧发2,side_hair2_R
右侧发3,side_hair3_R
右侧发4,side_hair4_R
右侧发5,side_hair5_R
右侧发6,side_hair6_R
右侧发7,side_hair7_R
右侧发8,side_hair8_R
右侧发9,side_hair9_R
右侧发10,side_hair10_R
右侧发11,side_hair11_R
右侧发12,side_hair12_R
右侧发13,side_hair13_R
Bone_Piao063_R,Bone_Piao063_R
Bone_Piao064_R,Bone_Piao064_R
Bone_Piao064_R先,Bone_Piao064_R_tip
Bone_Piao061_R,Bone_Piao061_R
Bone_Piao062_R,Bone_Piao062_R
Bone_Piao062_R先,Bone_Piao062_R_tip
缎带A1,ribbonA1
缎带A2,ribbonA2
缎带A3,ribbonA3
缎带A4,ribbonA4
缎带A5,ribbonA5
缎带A6,ribbonA6
缎带A7,ribbonA7
缎带B1,ribbonB1
缎带B2,ribbonB2
缎带B3,ribbonB3
缎带B4,ribbonB4
缎带B5,ribbonB5
缎带B6,ribbonB6
缎带B7,ribbonB7
左发A1,hairA1_L
左发A2,hairA2_L
左发A3,hairA3_L
左发A4,hairA4_L
左发A5,hairA5_L
左发A6,hairA6_L
左发A7,hairA7_L
左发A8,hairA8_L
左发A9,hairA9_L
左发A10,hairA10_L
左发A11,hairA11_L
左发A12,hairA12_L
左发A13,hairA13_L
左发A14,hairA14_L
左发A15,hairA15_L
左发A16,hairA16_L
左发A17,hairA17_L
左发A1_1,hairA1_1_L
左发A1_2,hairA1_2_L
左发A1_3,hairA1_3_L
左发A1_4,hairA1_4_L
左发A1_5,hairA1_5_L
左发A1_6,hairA1_6_L
左发A1_7,hairA1_7_L
左发A1_8,hairA1_8_L
左发A1_9,hairA1_9_L
左发A1_10,hairA1_10_L
左发A1_11,hairA1_11_L
左发A1_12,hairA1_12_L
左发A2_1,hairA2_1_L
左发A2_2,hairA2_2_L
左发A2_3,hairA2_3_L
左发A2_4,hairA2_4_L
左发A2_5,hairA2_5_L
左发A2_6,hairA2_6_L
左发A2_7,hairA2_7_L
左发A2_8,hairA2_8_L
左发A2_9,hairA2_9_L
左发A2_10,hairA2_10_L
左发A2_11,hairA2_11_L
左发A2_12,hairA2_12_L
左发B1,hairB1_L
左发B2,hairB2_L
左发B3,hairB3_L
左发B4,hairB4_L
左发B5,hairB5_L
左发B6,hairB6_L
左发B7,hairB7_L
左发B8,hairB8_L
左发B9,hairB9_L
左发B10,hairB10_L
左发B11,hairB11_L
左发C1,hairC1_L
左发C2,hairC2_L
左发C3,hairC3_L
左发C4,hairC4_L
左发C5,hairC5_L
左发C6,hairC6_L
左发C7,hairC7_L
左发C8,hairC8_L
左发C9,hairC9_L
左发C10,hairC10_L
左发C11,hairC11_L
左发C12,hairC12_L
左发C13,hairC13_L
左发C14,hairC14_L
左发C15,hairC15_L
左发C16,hairC16_L
左发C17,hairC17_L
左发D1,hairD1_L
左发D2,hairD2_L
左发D3,hairD3_L
左发D4,hairD4_L
左发D5,hairD5_L
左发D6,hairD6_L
左发D7,hairD7_L
左发D8,hairD8_L
左发D9,hairD9_L
左发D10,hairD10_L
左发D11,hairD11_L
左发D12,hairD12_L
左发D13,hairD13_L
左发D14,hairD14_L
左发D15,hairD15_L
左发D16,hairD16_L
左发D17,hairD17_L
左发D1_1,hairD1_1_L
左发D1_2,hairD1_2_L
左发D1_3,hairD1_3_L
左发D1_4,hairD1_4_L
左发D1_5,hairD1_5_L
左发D1_6,hairD1_6_L
左发D1_7,hairD1_7_L
左发D1_8,hairD1_8_L
左发D1_9,hairD1_9_L
左发D1_10,hairD1_10_L
左发D1_11,hairD1_11_L
左发D1_12,hairD1_12_L
左发D2_1,hairD2_1_L
左发D2_2,hairD2_2_L
左发D2_3,hairD2_3_L
左发D2_4,hairD2_4_L
左发D2_5,hairD2_5_L
左发D2_6,hairD2_6_L
左发D2_7,hairD2_7_L
左发D2_8,hairD2_8_L
左发D2_9,hairD2_9_L
左发D2_10,hairD2_10_L
左发D2_11,hairD2_11_L
左发D2_12,hairD2_12_L
左发D3_1,hairD3_1_L
左发D3_2,hairD3_2_L
左发D3_3,hairD3_3_L
左发D3_4,hairD3_4_L
左发D3_5,hairD3_5_L
左发D3_6,hairD3_6_L
左发D3_7,hairD3_7_L
左发D3_8,hairD3_8_L
左发D3_9,hairD3_9_L
左发D3_10,hairD3_10_L
左发D3_11,hairD3_11_L
左发D3_12,hairD3_12_L
右发A1,hairA1_R
右发A2,hairA2_R
右发A3,hairA3_R
右发A4,hairA4_R
右发A5,hairA5_R
右发A6,hairA6_R
右发A7,hairA7_R
右发A8,hairA8_R
右发A9,hairA9_R
右发A10,hairA10_R
右发A11,hairA11_R
右发A12,hairA12_R
右发A13,hairA13_R
右发A14,hairA14_R
右发A15,hairA15_R
右发A16,hairA16_R
右发A17,hairA17_R
右发A1_1,hairA1_1_R
右发A1_2,hairA1_2_R
右发A1_3,hairA1_3_R
右发A1_4,hairA1_4_R
右发A1_5,hairA1_5_R
右发A1_6,hairA1_6_R
右发A1_7,hairA1_7_R
右发A1_8,hairA1_8_R
右发A1_9,hairA1_9_R
右发A1_10,hairA1_10_R
右发A1_11,hairA1_11_R
右发A1_12,hairA1_12_R
右发A2_1,hairA2_1_R
右发A2_2,hairA2_2_R
右发A2_3,hairA2_3_R
右发A2_4,hairA2_4_R
右发A2_5,hairA2_5_R
右发A2_6,hairA2_6_R
右发A2_7,hairA2_7_R
右发A2_8,hairA2_8_R
右发A2_9,hairA2_9_R
右发A2_10,hairA2_10_R
右发A2_11,hairA2_11_R
右发A2_12,hairA2_12_R
右发C1,hairC1_R
右发C2,hairC2_R
右发C3,hairC3_R
右发C4,hairC4_R
右发C5,hairC5_R
右发C6,hairC6_R
右发C7,hairC7_R
右发C8,hairC8_R
右发C9,hairC9_R
右发C10,hairC10_R
右发C11,hairC11_R
右发C12,hairC12_R
右发C13,hairC13_R
右发C14,hairC14_R
右发C15,hairC15_R
右发C16,hairC16_R
右发C17,hairC17_R
右发C1_1,hairC1_1_R
右发C1_2,hairC1_2_R
右发C1_3,hairC1_3_R
右发C1_4,hairC1_4_R
右发C1_5,hairC1_5_R
右发C1_6,hairC1_6_R
右发C1_7,hairC1_7_R
右发C1_8,hairC1_8_R
右发C1_9,hairC1_9_R
右发C1_10,hairC1_10_R
右发C1_11,hairC1_11_R
右发C1_12,hairC1_12_R
右发C2_1,hairC2_1_R
右发C2_2,hairC2_2_R
右发C2_3,hairC2_3_R
右发C2_4,hairC2_4_R
右发C2_5,hairC2_5_R
右发C2_6,hairC2_6_R
右发C2_7,hairC2_7_R
右发C2_8,hairC2_8_R
右发C2_9,hairC2_9_R
右发C2_10,hairC2_10_R
右发C2_11,hairC2_11_R
右发C2_12,hairC2_12_R
右发C3_1,hairC3_1_R
右发C3_2,hairC3_2_R
右发C3_3,hairC3_3_R
右发C3_4,hairC3_4_R
右发C3_5,hairC3_5_R
右发C3_6,hairC3_6_R
右发C3_7,hairC3_7_R
右发C3_8,hairC3_8_R
右发C3_9,hairC3_9_R
右发C3_10,hairC3_10_R
右发C3_11,hairC3_11_R
右发C3_12,hairC3_12_R
右发B1,hairB1_R
右发B2,hairB2_R
右发B3,hairB3_R
右发B4,hairB4_R
右发B5,hairB5_R
右发B6,hairB6_R
右发B7,hairB7_R
右发B8,hairB8_R
右发B9,hairB9_R
右发B10,hairB10_R
右发B11,hairB11_R
右发B12,hairB12_R
右发B13,hairB13_R
右发B14,hairB14_R
右发B15,hairB15_R
右发B16,hairB16_R
右发B17,hairB17_R
両目,eyes
右目,eye_R
右目戻,eye_return_R
左目,eye_L
左目戻,eye_return_L
舌,tongue
舌_001,tongue_001
舌_002,tongue_002
舌_003,tongue_003
舌先,tongue_tip
emo,emo
右肩P,shoulder_P_R
右肩,shoulder_R
右肩C,shoulder_C_R
右腕,arm_R
右腕捩,arm_twist_R
右ひじ,elbow_R
右手捩,wrist_twist_R
右手首,wrist_R
右ダミー,dummy_R
右親指０,thumb0_R
右親指１,thumb1_R
右親指２,thumb2_R
右親指２先,thumb2_tip_R
右人指１,fore1_R
右人指２,fore2_R
右人指３,fore3_R
右人指３先,fore3_tip_R
右中指１,middle1_R
右中指２,middle2_R
右中指３,middle3_R
右中指３先,middle3_tip_R
右薬指１,third1_R
右薬指２,third2_R
右薬指３,third3_R
右薬指３先,third3_tip_R
右小指１,little1_R
右小指２,little2_R
右小指３,little3_R
右小指３先,little3_tip_R
右手首先,wrist_tip_R
右手捩1,wrist_twist1_R
右手捩2,wrist_twist2_R
Bone_Piao054_R,Bone_Piao054_R
Bone_Piao055_R,Bone_Piao055_R
右手捩3,wrist_twist3_R
Bone_HandTwist_R,Bone_HandTwist_R
Bone_Piao056_R,Bone_Piao056_R
Bone_Piao057_R,Bone_Piao057_R
Bone_Piao057_R先,Bone_Piao057_R_tip
右腕捩1,arm_twist1_R
右腕捩2,arm_twist2_R
Bone_Piao051_R,Bone_Piao051_R
右腕捩3,arm_twist3_R
Bone_Piao053_R,Bone_Piao053_R
Bone_Piao052_R,Bone_Piao052_R
右肩調整1,shoulder_adjust1_R
右肩調整2,shoulder_adjust2_R
右肩調整3,shoulder_adjust3_R
Bone_Piao041_R,Bone_Piao041_R
Bone_Piao042_R,Bone_Piao042_R
右肩亲,shoulder_parent_R
Bone_Piao031_R,Bone_Piao031_R
Bone_Piao032_R,Bone_Piao032_R
Bone_Piao033_R,Bone_Piao033_R
Bone_Piao034_R,Bone_Piao034_R
Bone_Piao035_R,Bone_Piao035_R
Bone_Piao036_R,Bone_Piao036_R
领子A_0_0,collarA_0_0
领子A_1_0,collarA_1_0
领子A_2_0,collarA_2_0
领子A_3_0,collarA_3_0
领子A_4_0,collarA_4_0
领子A_5_0,collarA_5_0
领子A_6_0,collarA_6_0
领子A_7_0,collarA_7_0
领子A_8_0,collarA_8_0
领子A_9_0,collarA_9_0
领子A_10_0,collarA_10_0
领子A_11_0,collarA_11_0
左肩P,shoulder_P_L
左肩,shoulder_L
左肩C,shoulder_C_L
左腕,arm_L
左腕捩,arm_twist_L
左ひじ,elbow_L
左手捩,wrist_twist_L
左手首,wrist_L
左ダミー,dummy_L
左親指０,thumb0_L
左親指１,thumb1_L
左親指２,thumb2_L
左親指２先,thumb2_tip_L
左人指１,fore1_L
左人指２,fore2_L
左人指３,fore3_L
左人指３先,fore3_tip_L
左中指１,middle1_L
左中指２,middle2_L
左中指３,middle3_L
左中指３先,middle3_tip_L
左薬指１,third1_L
左薬指２,third2_L
左薬指３,third3_L
左薬指３先,third3_tip_L
左小指１,little1_L
左小指２,little2_L
左小指３,little3_L
左小指３先,little3_tip_L
左手首先,wrist_tip_L
左手捩1,wrist_twist1_L
左手捩2,wrist_twist2_L
Bone_Piao055_L,Bone_Piao055_L
Bone_Piao054_L,Bone_Piao054_L
左手捩3,wrist_twist3_L
Bone_Piao056_L,Bone_Piao056_L
Bone_Piao057_L,Bone_Piao057_L
Bone_Piao057_L先,Bone_Piao057_L_tip
左腕捩1,arm_twist1_L
左腕捩2,arm_twist2_L
Bone_Piao051_L,Bone_Piao051_L
左腕捩3,arm_twist3_L
Bone_Piao053_L,Bone_Piao053_L
Bone_Piao052_L,Bone_Piao052_L
左肩調整1,shoulder_adjust1_L
左肩調整2,shoulder_adjust2_L
左肩調整3,shoulder_adjust3_L
左肩亲,shoulder_parent_L
Bone_Piao031_L,Bone_Piao031_L
Bone_Piao032_L,Bone_Piao032_L
Bone_Piao033_L,Bone_Piao033_L
Bone_Piao034_L,Bone_Piao034_L
Bone_Piao035_L,Bone_Piao035_L
Bone_Piao036_L,Bone_Piao036_L
领子A_0_2,collarA_0_2
领子A_1_2,collarA_1_2
领子A_2_2,collarA_2_2
领子A_3_2,collarA_3_2
领子A_4_2,collarA_4_2
领子A_5_2,collarA_5_2
领子A_6_2,collarA_6_2
领子A_7_2,collarA_7_2
领子A_8_2,collarA_8_2
领子A_9_2,collarA_9_2
领子A_10_2,collarA_10_2
领子A_11_2,collarA_11_2
Bone_Piao041_L,Bone_Piao041_L
Bone_Piao042_L,Bone_Piao042_L
Bone_Piao041_M,Bone_Piao041_M
おっぱい調整,bust_adjust
左胸上,breast_upper_L
左胸上2,breast_upper2_L
左胸先,breast_tip_L
左胸下,breast_lower_L
左胸下先,breast_lower_tip_L
右胸上,breast_upper_R
右胸上2,breast_upper2_R
右胸先,breast_tip_R
右胸下,breast_lower_R
右胸下先,breast_lower_tip_R
前_0_0,front_0_0
前_1_0,front_1_0
前_2_0,front_2_0
前_3_0,front_3_0
前_4_0,front_4_0
前_0_1,front_0_1
前_1_1,front_1_1
前_2_1,front_2_1
前_3_1,front_3_1
前_4_1,front_4_1
前_0_2,front_0_2
前_1_2,front_1_2
前_2_2,front_2_2
前_3_2,front_3_2
前_4_2,front_4_2
领巾_0_0,neckerchief_0_0
领巾_1_0,neckerchief_1_0
领巾_2_0,neckerchief_2_0
领巾_3_0,neckerchief_3_0
领巾_4_0,neckerchief_4_0
领巾_5_0,neckerchief_5_0
领巾_6_0,neckerchief_6_0
领巾_7_0,neckerchief_7_0
领巾_0_1,neckerchief_0_1
领巾_1_1,neckerchief_1_1
领巾_2_1,neckerchief_2_1
领巾_3_1,neckerchief_3_1
领巾_4_1,neckerchief_4_1
领巾_5_1,neckerchief_5_1
领巾_6_1,neckerchief_6_1
领巾_7_1,neckerchief_7_1
领巾_0_2,neckerchief_0_2
领巾_1_2,neckerchief_1_2
领巾_2_2,neckerchief_2_2
领巾_3_2,neckerchief_3_2
领巾_4_2,neckerchief_4_2
领巾_5_2,neckerchief_5_2
领巾_6_2,neckerchief_6_2
领巾_7_2,neckerchief_7_2
スカート2_0_0,skirt2_0_0
スカート2_1_0,skirt2_1_0
スカート2_2_0,skirt2_2_0
スカート2_3_0,skirt2_3_0
スカート2_4_0,skirt2_4_0
スカート2_5_0,skirt2_5_0
スカート2_6_0,skirt2_6_0
スカート2_7_0,skirt2_7_0
スカート2_8_0,skirt2_8_0
スカート2_9_0,skirt2_9_0
スカート2_10_0,skirt2_10_0
スカート2_11_0,skirt2_11_0
スカート2_12_0,skirt2_12_0
スカート2_13_0,skirt2_13_0
スカート2_0_1,skirt2_0_1
スカート2_1_1,skirt2_1_1
スカート2_2_1,skirt2_2_1
スカート2_3_1,skirt2_3_1
スカート2_4_1,skirt2_4_1
スカート2_5_1,skirt2_5_1
スカート2_6_1,skirt2_6_1
スカート2_7_1,skirt2_7_1
スカート2_8_1,skirt2_8_1
スカート2_9_1,skirt2_9_1
スカート2_10_1,skirt2_10_1
スカート2_11_1,skirt2_11_1
スカート2_12_1,skirt2_12_1
スカート2_13_1,skirt2_13_1
スカート2_0_2,skirt2_0_2
スカート2_1_2,skirt2_1_2
スカート2_2_2,skirt2_2_2
スカート2_3_2,skirt2_3_2
スカート2_4_2,skirt2_4_2
スカート2_5_2,skirt2_5_2
スカート2_6_2,skirt2_6_2
スカート2_7_2,skirt2_7_2
スカート2_8_2,skirt2_8_2
スカート2_9_2,skirt2_9_2
スカート2_10_2,skirt2_10_2
スカート2_11_2,skirt2_11_2
スカート2_12_2,skirt2_12_2
スカート2_13_2,skirt2_13_2
スカート2_0_3,skirt2_0_3
スカート2_1_3,skirt2_1_3
スカート2_2_3,skirt2_2_3
スカート2_3_3,skirt2_3_3
スカート2_4_3,skirt2_4_3
スカート2_5_3,skirt2_5_3
スカート2_6_3,skirt2_6_3
スカート2_7_3,skirt2_7_3
スカート2_8_3,skirt2_8_3
スカート2_9_3,skirt2_9_3
スカート2_10_3,skirt2_10_3
スカート2_11_3,skirt2_11_3
スカート2_12_3,skirt2_12_3
スカート2_13_3,skirt2_13_3
スカート2_0_4,skirt2_0_4
スカート2_1_4,skirt2_1_4
スカート2_2_4,skirt2_2_4
スカート2_3_4,skirt2_3_4
スカート2_4_4,skirt2_4_4
スカート2_5_4,skirt2_5_4
スカート2_6_4,skirt2_6_4
スカート2_7_4,skirt2_7_4
スカート2_8_4,skirt2_8_4
スカート2_9_4,skirt2_9_4
スカート2_10_4,skirt2_10_4
スカート2_11_4,skirt2_11_4
スカート2_12_4,skirt2_12_4
スカート2_13_4,skirt2_13_4
スカート2_0_5,skirt2_0_5
スカート2_1_5,skirt2_1_5
スカート2_2_5,skirt2_2_5
スカート2_3_5,skirt2_3_5
スカート2_4_5,skirt2_4_5
スカート2_5_5,skirt2_5_5
スカート2_6_5,skirt2_6_5
スカート2_7_5,skirt2_7_5
スカート2_8_5,skirt2_8_5
スカート2_9_5,skirt2_9_5
スカート2_10_5,skirt2_10_5
スカート2_11_5,skirt2_11_5
スカート2_12_5,skirt2_12_5
スカート2_13_5,skirt2_13_5
スカート2_0_6,skirt2_0_6
スカート2_1_6,skirt2_1_6
スカート2_2_6,skirt2_2_6
スカート2_3_6,skirt2_3_6
スカート2_4_6,skirt2_4_6
スカート2_5_6,skirt2_5_6
スカート2_6_6,skirt2_6_6
スカート2_7_6,skirt2_7_6
スカート2_8_6,skirt2_8_6
スカート2_9_6,skirt2_9_6
スカート2_10_6,skirt2_10_6
スカート2_11_6,skirt2_11_6
スカート2_12_6,skirt2_12_6
スカート2_13_6,skirt2_13_6
スカート2_0_7,skirt2_0_7
スカート2_1_7,skirt2_1_7
スカート2_2_7,skirt2_2_7
スカート2_3_7,skirt2_3_7
スカート2_4_7,skirt2_4_7
スカート2_5_7,skirt2_5_7
スカート2_6_7,skirt2_6_7
スカート2_7_7,skirt2_7_7
スカート2_8_7,skirt2_8_7
スカート2_9_7,skirt2_9_7
スカート2_10_7,skirt2_10_7
スカート2_11_7,skirt2_11_7
スカート2_12_7,skirt2_12_7
スカート2_13_7,skirt2_13_7
スカート2_0_8,skirt2_0_8
スカート2_1_8,skirt2_1_8
スカート2_2_8,skirt2_2_8
スカート2_3_8,skirt2_3_8
スカート2_4_8,skirt2_4_8
スカート2_5_8,skirt2_5_8
スカート2_6_8,skirt2_6_8
スカート2_7_8,skirt2_7_8
スカート2_8_8,skirt2_8_8
スカート2_9_8,skirt2_9_8
スカート2_10_8,skirt2_10_8
スカート2_11_8,skirt2_11_8
スカート2_12_8,skirt2_12_8
スカート2_13_8,skirt2_13_8
スカート2_0_9,skirt2_0_9
スカート2_1_9,skirt2_1_9
スカート2_2_9,skirt2_2_9
スカート2_3_9,skirt2_3_9
スカート2_4_9,skirt2_4_9
スカート2_5_9,skirt2_5_9
スカート2_6_9,skirt2_6_9
スカート2_7_9,skirt2_7_9
スカート2_8_9,skirt2_8_9
スカート2_9_9,skirt2_9_9
スカート2_10_9,skirt2_10_9
スカート2_11_9,skirt2_11_9
スカート2_12_9,skirt2_12_9
スカート2_13_9,skirt2_13_9
スカート2_0_10,skirt2_0_10
スカート2_1_10,skirt2_1_10
スカート2_2_10,skirt2_2_10
スカート2_3_10,skirt2_3_10
スカート2_4_10,skirt2_4_10
スカート2_5_10,skirt2_5_10
スカート2_6_10,skirt2_6_10
スカート2_7_10,skirt2_7_10
スカート2_8_10,skirt2_8_10
スカート2_9_10,skirt2_9_10
スカート2_10_10,skirt2_10_10
スカート2_11_10,skirt2_11_10
スカート2_12_10,skirt2_12_10
スカート2_13_10,skirt2_13_10
スカート2_0_11,skirt2_0_11
スカート2_1_11,skirt2_1_11
スカート2_2_11,skirt2_2_11
スカート2_3_11,skirt2_3_11
スカート2_4_11,skirt2_4_11
スカート2_5_11,skirt2_5_11
スカート2_6_11,skirt2_6_11
スカート2_7_11,skirt2_7_11
スカート2_8_11,skirt2_8_11
スカート2_9_11,skirt2_9_11
スカート2_10_11,skirt2_10_11
スカート2_11_11,skirt2_11_11
スカート2_12_11,skirt2_12_11
スカート2_13_11,skirt2_13_11
スカート2_0_12,skirt2_0_12
スカート2_1_12,skirt2_1_12
スカート2_2_12,skirt2_2_12
スカート2_3_12,skirt2_3_12
スカート2_4_12,skirt2_4_12
スカート2_5_12,skirt2_5_12
スカート2_6_12,skirt2_6_12
スカート2_7_12,skirt2_7_12
スカート2_8_12,skirt2_8_12
スカート2_9_12,skirt2_9_12
スカート2_10_12,skirt2_10_12
スカート2_11_12,skirt2_11_12
スカート2_12_12,skirt2_12_12
スカート2_13_12,skirt2_13_12
スカート2_0_13,skirt2_0_13
スカート2_1_13,skirt2_1_13
スカート2_2_13,skirt2_2_13
スカート2_3_13,skirt2_3_13
スカート2_4_13,skirt2_4_13
スカート2_5_13,skirt2_5_13
スカート2_6_13,skirt2_6_13
スカート2_7_13,skirt2_7_13
スカート2_8_13,skirt2_8_13
スカート2_9_13,skirt2_9_13
スカート2_10_13,skirt2_10_13
スカート2_11_13,skirt2_11_13
スカート2_12_13,skirt2_12_13
スカート2_13_13,skirt2_13_13
スカート2_0_14,skirt2_0_14
スカート2_1_14,skirt2_1_14
スカート2_2_14,skirt2_2_14
スカート2_3_14,skirt2_3_14
スカート2_4_14,skirt2_4_14
スカート2_5_14,skirt2_5_14
スカート2_6_14,skirt2_6_14
スカート2_7_14,skirt2_7_14
スカート2_8_14,skirt2_8_14
スカート2_9_14,skirt2_9_14
スカート2_10_14,skirt2_10_14
スカート2_11_14,skirt2_11_14
スカート2_12_14,skirt2_12_14
スカート2_13_14,skirt2_13_14
スカート2_0_15,skirt2_0_15
スカート2_1_15,skirt2_1_15
スカート2_2_15,skirt2_2_15
スカート2_3_15,skirt2_3_15
スカート2_4_15,skirt2_4_15
スカート2_5_15,skirt2_5_15
スカート2_6_15,skirt2_6_15
スカート2_7_15,skirt2_7_15
スカート2_8_15,skirt2_8_15
スカート2_9_15,skirt2_9_15
スカート2_10_15,skirt2_10_15
スカート2_11_15,skirt2_11_15
スカート2_12_15,skirt2_12_15
スカート2_13_15,skirt2_13_15
领子A_0_1,collarA_0_1
领子A_1_1,collarA_1_1
领子A_2_1,collarA_2_1
领子A_3_1,collarA_3_1
领子A_4_1,collarA_4_1
领子A_5_1,collarA_5_1
领子A_6_1,collarA_6_1
领子A_7_1,collarA_7_1
领子A_8_1,collarA_8_1
领子A_9_1,collarA_9_1
领子A_10_1,collarA_10_1
领子A_11_1,collarA_11_1
スカート_0_0,skirt_0_0
スカート_1_0,skirt_1_0
スカート_2_0,skirt_2_0
スカート_3_0,skirt_3_0
スカート_4_0,skirt_4_0
スカート_5_0,skirt_5_0
スカート_6_0,skirt_6_0
スカート_7_0,skirt_7_0
スカート_8_0,skirt_8_0
スカート_9_0,skirt_9_0
スカート_10_0,skirt_10_0
スカート_11_0,skirt_11_0
スカート_12_0,skirt_12_0
スカート_13_0,skirt_13_0
スカート_14_0,skirt_14_0
スカート_15_0,skirt_15_0
スカート_0_1,skirt_0_1
スカート_1_1,skirt_1_1
スカート_2_1,skirt_2_1
スカート_3_1,skirt_3_1
スカート_4_1,skirt_4_1
スカート_5_1,skirt_5_1
スカート_6_1,skirt_6_1
スカート_7_1,skirt_7_1
スカート_8_1,skirt_8_1
スカート_9_1,skirt_9_1
スカート_10_1,skirt_10_1
スカート_11_1,skirt_11_1
スカート_12_1,skirt_12_1
スカート_13_1,skirt_13_1
スカート_14_1,skirt_14_1
スカート_15_1,skirt_15_1
スカート_0_2,skirt_0_2
スカート_1_2,skirt_1_2
スカート_2_2,skirt_2_2
スカート_3_2,skirt_3_2
スカート_4_2,skirt_4_2
スカート_5_2,skirt_5_2
スカート_6_2,skirt_6_2
スカート_7_2,skirt_7_2
スカート_8_2,skirt_8_2
スカート_9_2,skirt_9_2
スカート_10_2,skirt_10_2
スカート_11_2,skirt_11_2
スカート_12_2,skirt_12_2
スカート_13_2,skirt_13_2
スカート_14_2,skirt_14_2
スカート_15_2,skirt_15_2
铭牌_0_1,nameplate_0_1
铭牌_1_1,nameplate_1_1
铭牌_2_1,nameplate_2_1
铭牌_3_1,nameplate_3_1
铭牌_4_1,nameplate_4_1
スカート_0_3,skirt_0_3
スカート_1_3,skirt_1_3
スカート_2_3,skirt_2_3
スカート_3_3,skirt_3_3
スカート_4_3,skirt_4_3
スカート_5_3,skirt_5_3
スカート_6_3,skirt_6_3
スカート_7_3,skirt_7_3
スカート_8_3,skirt_8_3
スカート_9_3,skirt_9_3
スカート_10_3,skirt_10_3
スカート_11_3,skirt_11_3
スカート_12_3,skirt_12_3
スカート_13_3,skirt_13_3
スカート_14_3,skirt_14_3
スカート_15_3,skirt_15_3
スカート_0_4,skirt_0_4
スカート_1_4,skirt_1_4
スカート_2_4,skirt_2_4
スカート_3_4,skirt_3_4
スカート_4_4,skirt_4_4
スカート_5_4,skirt_5_4
スカート_6_4,skirt_6_4
スカート_7_4,skirt_7_4
スカート_8_4,skirt_8_4
スカート_9_4,skirt_9_4
スカート_10_4,skirt_10_4
スカート_11_4,skirt_11_4
スカート_12_4,skirt_12_4
スカート_13_4,skirt_13_4
スカート_14_4,skirt_14_4
スカート_15_4,skirt_15_4
スカート_0_5,skirt_0_5
スカート_1_5,skirt_1_5
スカート_2_5,skirt_2_5
スカート_3_5,skirt_3_5
スカート_4_5,skirt_4_5
スカート_5_5,skirt_5_5
スカート_6_5,skirt_6_5
スカート_7_5,skirt_7_5
スカート_8_5,skirt_8_5
スカート_9_5,skirt_9_5
スカート_10_5,skirt_10_5
スカート_11_5,skirt_11_5
スカート_12_5,skirt_12_5
スカート_13_5,skirt_13_5
スカート_14_5,skirt_14_5
スカート_15_5,skirt_15_5
スカート_0_6,skirt_0_6
スカート_1_6,skirt_1_6
スカート_2_6,skirt_2_6
スカート_3_6,skirt_3_6
スカート_4_6,skirt_4_6
スカート_5_6,skirt_5_6
スカート_6_6,skirt_6_6
スカート_7_6,skirt_7_6
スカート_8_6,skirt_8_6
スカート_9_6,skirt_9_6
スカート_10_6,skirt_10_6
スカート_11_6,skirt_11_6
スカート_12_6,skirt_12_6
スカート_13_6,skirt_13_6
スカート_14_6,skirt_14_6
スカート_15_6,skirt_15_6
スカート_0_7,skirt_0_7
スカート_1_7,skirt_1_7
スカート_2_7,skirt_2_7
スカート_3_7,skirt_3_7
スカート_4_7,skirt_4_7
スカート_5_7,skirt_5_7
スカート_6_7,skirt_6_7
スカート_7_7,skirt_7_7
スカート_8_7,skirt_8_7
スカート_9_7,skirt_9_7
スカート_10_7,skirt_10_7
スカート_11_7,skirt_11_7
スカート_12_7,skirt_12_7
スカート_13_7,skirt_13_7
スカート_14_7,skirt_14_7
スカート_15_7,skirt_15_7
スカート_0_8,skirt_0_8
スカート_1_8,skirt_1_8
スカート_2_8,skirt_2_8
スカート_3_8,skirt_3_8
スカート_4_8,skirt_4_8
スカート_5_8,skirt_5_8
スカート_6_8,skirt_6_8
スカート_7_8,skirt_7_8
スカート_8_8,skirt_8_8
スカート_9_8,skirt_9_8
スカート_10_8,skirt_10_8
スカート_11_8,skirt_11_8
スカート_12_8,skirt_12_8
スカート_13_8,skirt_13_8
スカート_14_8,skirt_14_8
スカート_15_8,skirt_15_8
スカート_0_9,skirt_0_9
スカート_1_9,skirt_1_9
スカート_2_9,skirt_2_9
スカート_3_9,skirt_3_9
スカート_4_9,skirt_4_9
スカート_5_9,skirt_5_9
スカート_6_9,skirt_6_9
スカート_7_9,skirt_7_9
スカート_8_9,skirt_8_9
スカート_9_9,skirt_9_9
スカート_10_9,skirt_10_9
スカート_11_9,skirt_11_9
スカート_12_9,skirt_12_9
スカート_13_9,skirt_13_9
スカート_14_9,skirt_14_9
スカート_15_9,skirt_15_9
スカート_0_10,skirt_0_10
スカート_1_10,skirt_1_10
スカート_2_10,skirt_2_10
スカート_3_10,skirt_3_10
スカート_4_10,skirt_4_10
スカート_5_10,skirt_5_10
スカート_6_10,skirt_6_10
スカート_7_10,skirt_7_10
スカート_8_10,skirt_8_10
スカート_9_10,skirt_9_10
スカート_10_10,skirt_10_10
スカート_11_10,skirt_11_10
スカート_12_10,skirt_12_10
スカート_13_10,skirt_13_10
スカート_14_10,skirt_14_10
スカート_15_10,skirt_15_10
スカート_0_11,skirt_0_11
スカート_1_11,skirt_1_11
スカート_2_11,skirt_2_11
スカート_3_11,skirt_3_11
スカート_4_11,skirt_4_11
スカート_5_11,skirt_5_11
スカート_6_11,skirt_6_11
スカート_7_11,skirt_7_11
スカート_8_11,skirt_8_11
スカート_9_11,skirt_9_11
スカート_10_11,skirt_10_11
スカート_11_11,skirt_11_11
スカート_12_11,skirt_12_11
スカート_13_11,skirt_13_11
スカート_14_11,skirt_14_11
スカート_15_11,skirt_15_11
スカート_0_12,skirt_0_12
スカート_1_12,skirt_1_12
スカート_2_12,skirt_2_12
スカート_3_12,skirt_3_12
スカート_4_12,skirt_4_12
スカート_5_12,skirt_5_12
スカート_6_12,skirt_6_12
スカート_7_12,skirt_7_12
スカート_8_12,skirt_8_12
スカート_9_12,skirt_9_12
スカート_10_12,skirt_10_12
スカート_11_12,skirt_11_12
スカート_12_12,skirt_12_12
スカート_13_12,skirt_13_12
スカート_14_12,skirt_14_12
スカート_15_12,skirt_15_12
スカート_0_13,skirt_0_13
スカート_1_13,skirt_1_13
スカート_2_13,skirt_2_13
スカート_3_13,skirt_3_13
スカート_4_13,skirt_4_13
スカート_5_13,skirt_5_13
スカート_6_13,skirt_6_13
スカート_7_13,skirt_7_13
スカート_8_13,skirt_8_13
スカート_9_13,skirt_9_13
スカート_10_13,skirt_10_13
スカート_11_13,skirt_11_13
スカート_12_13,skirt_12_13
スカート_13_13,skirt_13_13
スカート_14_13,skirt_14_13
スカート_15_13,skirt_15_13
スカート_0_14,skirt_0_14
スカート_1_14,skirt_1_14
スカート_2_14,skirt_2_14
スカート_3_14,skirt_3_14
スカート_4_14,skirt_4_14
スカート_5_14,skirt_5_14
スカート_6_14,skirt_6_14
スカート_7_14,skirt_7_14
スカート_8_14,skirt_8_14
スカート_9_14,skirt_9_14
スカート_10_14,skirt_10_14
スカート_11_14,skirt_11_14
スカート_12_14,skirt_12_14
スカート_13_14,skirt_13_14
スカート_14_14,skirt_14_14
スカート_15_14,skirt_15_14
スカート_0_15,skirt_0_15
スカート_1_15,skirt_1_15
スカート_2_15,skirt_2_15
スカート_3_15,skirt_3_15
スカート_4_15,skirt_4_15
スカート_5_15,skirt_5_15
スカート_6_15,skirt_6_15
スカート_7_15,skirt_7_15
スカート_8_15,skirt_8_15
スカート_9_15,skirt_9_15
スカート_10_15,skirt_10_15
スカート_11_15,skirt_11_15
スカート_12_15,skirt_12_15
スカート_13_15,skirt_13_15
スカート_14_15,skirt_14_15
スカート_15_15,skirt_15_15
スカート_0_16,skirt_0_16
スカート_1_16,skirt_1_16
スカート_2_16,skirt_2_16
スカート_3_16,skirt_3_16
スカート_4_16,skirt_4_16
スカート_5_16,skirt_5_16
スカート_6_16,skirt_6_16
スカート_7_16,skirt_7_16
スカート_8_16,skirt_8_16
スカート_9_16,skirt_9_16
スカート_10_16,skirt_10_16
スカート_11_16,skirt_11_16
スカート_12_16,skirt_12_16
スカート_13_16,skirt_13_16
スカート_14_16,skirt_14_16
スカート_15_16,skirt_15_16
スカート_0_17,skirt_0_17
スカート_1_17,skirt_1_17
スカート_2_17,skirt_2_17
スカート_3_17,skirt_3_17
スカート_4_17,skirt_4_17
スカート_5_17,skirt_5_17
スカート_6_17,skirt_6_17
スカート_7_17,skirt_7_17
スカート_8_17,skirt_8_17
スカート_9_17,skirt_9_17
スカート_10_17,skirt_10_17
スカート_11_17,skirt_11_17
スカート_12_17,skirt_12_17
スカート_13_17,skirt_13_17
スカート_14_17,skirt_14_17
スカート_15_17,skirt_15_17
スカート_0_18,skirt_0_18
スカート_1_18,skirt_1_18
スカート_2_18,skirt_2_18
スカート_3_18,skirt_3_18
スカート_4_18,skirt_4_18
スカート_5_18,skirt_5_18
スカート_6_18,skirt_6_18
スカート_7_18,skirt_7_18
スカート_8_18,skirt_8_18
スカート_9_18,skirt_9_18
スカート_10_18,skirt_10_18
スカート_11_18,skirt_11_18
スカート_12_18,skirt_12_18
スカート_13_18,skirt_13_18
スカート_14_18,skirt_14_18
スカート_15_18,skirt_15_18
スカート_0_19,skirt_0_19
スカート_1_19,skirt_1_19
スカート_2_19,skirt_2_19
スカート_3_19,skirt_3_19
スカート_4_19,skirt_4_19
スカート_5_19,skirt_5_19
スカート_6_19,skirt_6_19
スカート_7_19,skirt_7_19
スカート_8_19,skirt_8_19
スカート_9_19,skirt_9_19
スカート_10_19,skirt_10_19
スカート_11_19,skirt_11_19
スカート_12_19,skirt_12_19
スカート_13_19,skirt_13_19
スカート_14_19,skirt_14_19
スカート_15_19,skirt_15_19
左足IK親,leg_IK_parent_L
左足ＩＫ,leg_IK_L
左つま先ＩＫ,toe_IK_L
右足IK親,leg_IK_parent_R
右足ＩＫ,leg_IK_R
右つま先ＩＫ,toe_IK_R