LdotV,L_up,L_right,ShadowSmooth,ShadowLocation,ExposureScale
0.49841154689279493,0.5479120971119267,0.7756020166087546,0.5871163577338387,-0.2697080713508279,1.1542625278641112
-0.3364446099505865,0.7171958398227649,0.22627548539965056,0.7909551226101318,0.47522186881624406,0.5970742577371635
-0.39140626877351054,-0.8116453042247009,-0.577311637895911,0.5176568263434755,0.38699344969134714,0.7898842256501072
-0.5695693890149329,0.5222794039807059,-0.1915881338759436,0.7734322428357097,0.257403674178398,0.6524235981643685
-0.09357691888784095,-0.7437727346489083,0.6362161791575063,0.44883899562518825,0.6504905107231891,0.9264920190016498
-0.49506946896639936,-0.25840395153483753,-0.8655558520240693,0.563994592402696,0.24954913729913492,0.7874995364413199
-0.6851081826728117,0.2877302401613291,-0.4227479524910842,0.7601867718720637,0.06430669484435016,0.7255223923203019
0.8662940764116684,-0.11317160234533774,-0.14161065651182286,0.27919609654932526,-0.1920170965556065,1.1110690193453896
0.40032906907442256,0.1091695740316696,-0.9151778426836725,0.46075151211053184,0.1757082439547119,0.9218855246888326
-0.2647128389732609,0.6552623439851641,0.5113209707971996,0.8665901930732401,0.384536945399954,0.6256346857090259
0.823744567601803,0.5161754801707477,0.5229263900321021,0.39917901884283646,-0.21156574430932035,1.284234004315011
0.16432484087677757,0.9413960487898065,-0.26406275092961384,0.71334442196487,0.22425386700396804,0.7501118910600593
0.9340762120025881,0.5567669941475237,-0.28315245934073213,0.3874406082037358,0.3028796898592647,0.9822550304192793
0.2254054586242548,-0.06655799254593164,-0.9602294984858507,0.4535469729898495,0.17724283127299023,0.9502942153071466
-0.8730317059954457,-0.6914210158649043,0.2950265394908018,1.121704080823957,-0.10850918664569817,0.6846295999596531
0.02289691706212423,0.48952431181563427,-0.8538829666101081,0.7188148468281791,-0.10141842288906126,0.8317714392554856
0.49752262896428845,-0.3483492837236961,0.6436413682937737,0.16893795125190017,0.44830273138185434,1.0832739406590406
0.8338545077915058,-0.06088837744838416,-0.37052206288108763,0.3166766211765631,-0.13699287411728608,1.0541682773888539
-0.18722770474750688,-0.7401569893290567,0.6646147272765792,0.5427891579203437,0.6028185918562875,0.8869676625660122
-0.8862724726564468,-0.5461813018982318,0.4044067663817731,1.2055938887344535,-0.11747104020979882,0.6884024110789472
-0.8441950686719686,-0.12569616225533853,-0.4924936111358473,0.7425724040474347,0.1046557129341715,0.7100302891039303
0.9355435467945689,0.40053020400449824,0.3499370868472091,0.3197352799184985,-0.12182255260341845,1.2436016686773999
-0.39751259115508925,0.6645196027904021,-0.252087701737227,0.7565793746057409,0.2015200925166156,0.6588659995167278
0.7893049491582288,-0.22504324193965108,0.2323836921842362,0.19758196603011485,-0.04147048632156781,1.1652662718990072
0.8014362172968543,0.364991007949951,-0.5945636824480571,0.39870931518750063,0.28087584768883866,0.8950151620925842
-0.19428754458750952,-0.6001835950497834,-0.7990066310257781,0.44434477669288946,0.36667941770751045,0.8852084806133397
-0.4330080418814839,0.5738487550042768,0.4175456072908271,0.8911114287861733,0.47315209483880244,0.5788339362389169
-0.6713850648233717,0.4103307572526702,-0.17498136412735932,0.7920730446280607,0.26040772528709377,0.6600796944786749
-0.41706023985601676,-0.08216844892332009,0.9050953268369786,1.1032026182720884,0.15286352983756107,0.6701422753918396
0.14843684657583064,-0.7204060037446851,-0.5215934420517413,0.4055329913093771,0.024373451122866985,1.086611657510025
0.2854750930377631,0.3368059235809433,0.9260894920181758,0.6631637147614368,-0.11672357285051793,0.9907748474806499
-0.8630555963988423,0.13047221296237765,-0.0932967861788919,0.8743285527937203,0.22996462754381453,0.6717631789364655
-0.19158177333147924,0.2694366400011816,0.9089608160321548,0.9888369601421251,0.08824465632753693,0.7063931113725026
0.9110232431663435,0.11841432149082709,0.3301843130432402,0.23794904365893058,-0.08772647902415238,1.1942190267984802
-0.23347098583876838,-0.9383643308641212,0.31868261644145524,0.524083443318587,0.4259184453861231,0.9404057616951172
0.19541531134653253,-0.5708306543609416,0.6891536691230682,0.2648248420760976,0.6850289882099825,0.9931847065330428
0.9198916844811187,0.7068061465363322,-0.07126421683401642,0.42094871369418035,0.24883083058389255,1.084298928732456
0.08863598356465745,-0.883394516621868,0.09181182421359498,0.3590177751651467,0.2594572313348721,1.0986180675762578
-0.8736589021743428,-0.41281248446663277,0.4787439902661061,1.2447739862332177,-0.07669454367683912,0.682061753830332
-0.8544808471906912,0.11406430468255668,-0.21000242161473895,0.8325432029387632,0.17830717754185554,0.689864962834661
0.6096857085449611,0.3286270806547751,0.7857405165305764,0.43107307325113087,-0.16162368677252487,1.1850260729266466
0.8629627289295827,0.6280407693320693,-0.38779270328047744,0.4331631222304351,0.39068981779345047,0.9264054821031599
-0.2156998908375195,-0.954575853732279,-0.25153469430382486,0.5060950583310367,0.23294172979447478,0.9409092396889198
0.36579933114014407,0.4447187011929006,0.8700980229162526,0.6422427023934745,-0.20196042629637526,1.0556198010685007
-0.26237231634503466,-0.6774564419327964,0.7355470441139961,0.6550396069894534,0.5391984864242154,0.8393321282409179
-0.8918199601348347,-0.6953757945736632,0.23781490369341393,1.1051411474107136,-0.10722541560624158,0.6744907766753326
0.5840092909855044,-0.1076874488519386,0.7290814684095247,0.2218081523562783,0.26241069798213434,1.1076695522611615
-0.770846046146105,-0.39697582170424695,0.6271082539231873,1.2439858161692956,-0.024307715915436994,0.6859958943593331
0.3598327354865079,-0.27637477889321915,-0.8189564048101381,0.3877802226335543,0.07105092246929774,1.0255816068926955
-0.4323282724958121,-0.7639881957589694,-0.6268279088594377,0.5193295115973473,0.4171240722709183,0.7624732811601961
-0.19552068419524,0.8171613814152141,0.17912861491272067,0.7511654218323763,0.4261145276006091,0.6349944491159235
-0.33551854598347497,-0.46826007708096085,-0.8670714355638472,0.4802512503345805,0.39504988960572734,0.820923639910079
-0.5388699858752183,0.5575018079315892,0.17146262068917714,0.8343380443049784,0.48257165125532053,0.583531116808093
0.8724197510188141,-0.10127699571242266,0.13857722207235276,0.22696116785939144,-0.12151037807978575,1.155225487222675
-0.6208617854045848,-0.8072180756930014,-0.4831338457523792,0.6196621218683407,0.3683634108903954,0.6670183640367897
0.8464521070107054,-0.08844742033277786,-0.29370516474007785,0.3050144620676512,-0.17145944254519663,1.076554901136274
-0.5546392914651457,-0.388086751698695,0.8097917110459313,1.1182694219498157,0.13848807029728016,0.7033015889684004
-0.7991458837288236,-0.6464544341215366,-0.4737094927701219,0.6988766932566338,0.2864862189627747,0.6152705612757551
-0.5801456939926558,0.5170390596704202,0.16322748208786794,0.8460740110382335,0.47464946811775155,0.5863653973267788
-0.7088357474111624,-0.13581392044979257,0.6903187659392613,1.2429403756291608,0.08913264241862906,0.6440349236938812
-0.6728904914822278,0.16819593782547115,0.580179796085652,1.1325069223655146,0.2900949277195697,0.596055202238379
-0.05688781905410724,-0.8311113577202218,0.48009374780577263,0.39831458842171774,0.5842508865704407,0.9821103214717951
-0.33507290337331824,-0.916771652276215,0.3991270774076186,0.6171153765334164,0.40685651845843684,0.8868449429742982
0.5559137257515522,-0.34027757533442937,-0.5785505553725391,0.35615366289197165,-0.15144927880576328,1.0953818131210122
-0.5966302688508741,-0.7931940645548967,0.5189421358822016,0.9343683674039558,0.16180893921485856,0.770920325334251
-0.5661636394128442,-0.6588140629262278,-0.6705669621020505,0.5524707902910497,0.42962100344852194,0.6976098833021763
0.8103250535653892,0.16212227940078994,0.5641971646546887,0.2588368267872664,-0.05983463629628555,1.2157322881415624
0.199060707977053,0.1818309829628335,-0.9732534551096533,0.5479723106765209,0.11347166011289658,0.8998354944230561
0.3900469102375804,0.9171184264828907,0.3961532636108378,0.6524134961880701,0.04503393225161016,1.013061090855696
0.5940990350076202,0.5654704545005724,-0.7158286719228868,0.5381451450049797,0.31953104181871994,0.8293537338028534
0.04378464156263932,-0.026683338323679306,0.9979403502414087,0.7053149195106891,0.22901104734091773,0.8348044024374779
0.13884227173849734,0.8756529099499657,0.43471971899247824,0.7243796126726472,0.17873838295798714,0.8376968085463495
0.8979653731344047,-0.053021197886092386,0.10630936444194691,0.23755396695834602,-0.13277584541547285,1.1485514451164665
-0.24101344136993302,-0.33686200531489563,0.9336226952377645,0.8304696797725951,0.37696792533326584,0.7594402490480134
0.07773122635120744,-0.12217707938990663,-0.983371613714605,0.4708168022256423,0.20118197412600447,0.9380909163700585
-0.17695163823675733,0.6525838483887156,-0.6020846513014323,0.772512144266495,-0.09701583880632397,0.7545909370511313
-0.4877864202498211,-0.7195018220027785,0.6548455107063128,0.876668222730092,0.2926688536895614,0.7867854175569514
-0.8060722261751132,-0.7828485177291129,0.292049311053637,1.0521672881827173,-0.05190947608264211,0.69913633852668
-0.8669990775881319,-0.43753243232198336,0.48456791120665876,1.2422935421158363,-0.08341607979518201,0.6848514011576868
-0.6454310054659629,0.4539892285737652,-0.10415674279959798,0.7983396999440661,0.3198358837174142,0.6398710934619918
-0.5874119701108611,-0.7845181080882069,-0.5357472572031655,0.5914646912165782,0.39473329159570775,0.6815570302208711
-0.02408411302710272,-0.5395720182102384,-0.8187844601365107,0.4186578380410882,0.26970969992312926,0.9600894640080759
0.7081151969570771,0.10970493878296672,0.6846026561735922,0.26984591451411655,0.015407347437235382,1.1819361177835788
-0.3978982789620196,0.6595794862648263,-0.26900086831321685,0.7570090759020994,0.185642272542238,0.6630942151947512
-0.3902278925528672,-0.3657222143545693,-0.8902635148856036,0.5102515499036884,0.34433162714892956,0.8089038506058981
-0.23854327480153903,-0.41816432371976275,0.9043092709814112,0.7803024400114107,0.4368881599901827,0.7769871654525534
-0.5014749998768732,-0.4880698188647945,-0.8032760639096094,0.5250500620619487,0.40088637530718463,0.7488099084423521
-0.06440363064890924,-0.6707843648359637,-0.7123202410791567,0.4284635306651211,0.2559442762347146,0.9612182711224193
-0.09332383069525024,-0.12980587999392412,-0.9904018718739233,0.5070401392286931,0.20313878621703466,0.9054108456975862
-0.27652513783512694,0.7833545325098279,0.005436271584321659,0.746865945574483,0.3882198852355713,0.6230368450078396
-0.06042324263547758,0.7815849817570497,-0.48914274804232977,0.7636106186801638,0.017845325418046516,0.7285354095064135
0.8602448559308803,0.037716720772898116,0.40221200988971284,0.21524285204730118,-0.042518731586449386,1.190412426252487
-0.4522961247470617,0.544024864221976,0.44217653369239,0.9113954531131954,0.465605657296251,0.5769969260011751
0.4042116252904953,-0.25268454225257986,-0.802058683785184,0.3839027832000974,0.0504635930780326,1.027238535181985
0.9896532107379234,0.493579222698052,0.06802084406647141,0.34262274628663625,0.045444608649774565,1.152230124274123
0.7818212510350523,0.8736263010675585,-0.027591594381306924,0.5072050436232098,0.26714834883233396,1.0723745233345967
-0.81700239362915,-0.754484135177028,-0.3201968334760683,0.769813166535888,0.21238600009732517,0.6066443974046903
0.33755638762613166,-0.6934313667510119,-0.30977762438350265,0.3614712871971441,-0.11551522240655644,1.1649695866103817
-0.566905343811399,0.198765583041687,-0.6910883249381309,0.7172305329209459,-0.07340955227512196,0.7897639805520099
0.4514837248977346,-0.6071306685708535,0.29401440266023837,0.19891659549988647,0.25719516308427093,1.1497512827548986
0.07573956271512221,0.5548096764823551,-0.8189758792032775,0.7255813205488257,-0.07698708891056581,0.8181265650843786
0.7272754194042785,0.0014823724046846287,-0.618365183497294,0.354541185502651,0.012908573012269484,0.9893086291383546
-0.155058651525055,-0.9721274245835969,-0.02988741090310893,0.4812529404795291,0.258292092348948,0.9919206452345748
-0.8424520353528652,-0.7363555644269579,0.29705463039215124,1.0922429838377865,-0.08586007748010674,0.6908961018085567
-0.31198912093269965,-0.7563349907429378,0.6536671828901612,0.6673030342686277,0.4956745269739677,0.8477873137766302
-0.2677966736280563,0.38852487128577295,0.8043282499462563,1.005911438711381,0.17168856679833955,0.6594014483587591
-0.9256899204232489,-0.6004486966798848,-0.26673349146342706,0.8498076403779841,0.11442182544634813,0.6112227754714735
-0.6684768628342324,0.4308142592316033,0.06241305663855975,0.845566640127004,0.41440566465078443,0.6103726098804082
0.1569270738412553,-0.7378844968853735,-0.48096766910060046,0.40417301187070936,0.009500243703163446,1.0967445576976158
0.6131891327374641,0.8551251020130153,0.41472676009034914,0.5735868124186089,-0.08787613635661048,1.178725120135559
-0.09076487557012597,-0.3981026164381205,0.9149820476299276,0.6268450369108798,0.5333171657817533,0.82183794902306
-0.1166189912671497,0.32572842552716486,-0.908948501163323,0.6921018581365721,-0.11316129251944895,0.8571867216999794
-0.5430836282158048,-0.42710754623589,-0.8051541501364818,0.5456912883308258,0.360942675004027,0.7425477023256785
-0.4596465553694681,-0.9502810172274874,0.292852790782377,0.709811818235054,0.2813199509156203,0.8364229001976567
0.6519987810727557,0.2679502233621702,-0.7579196019534353,0.4271966403547327,0.23930853977525168,0.890212979742238
0.03874577958493115,-0.7193208058721747,0.6068792213795958,0.342205013787707,0.6745554779126098,0.9768301282869845
0.1654132194548398,0.9324638242863634,0.2974573508932778,0.697956229654744,0.2387976830625448,0.8279372188415388
-0.10590583209893523,0.8660464432004225,-0.16746634625588125,0.7327274948200804,0.2597079453759778,0.6741126426303911
-0.9256405146792847,-0.06523679688941697,-0.2162309076104166,0.8596221621293835,0.13188070797195445,0.6879006515147902
-0.21210501563002931,-0.9643264320460245,-0.20487172387495672,0.5068678814247913,0.23317961417335517,0.9479904917378342
-0.41491491345025927,0.6588572297654727,-0.21810991950320616,0.7572240113639757,0.2334578983159604,0.6507726781214389
-0.35369633050530414,-0.5347185160671326,0.8292870673547963,0.8406652657105999,0.39420493130958917,0.7736808659444833
-0.5867509865611918,0.21203164140002184,-0.6587945789039991,0.723531199766048,-0.06505944966964206,0.7819679647921146
0.5509280175360824,0.20621431467745133,0.8345440661692473,0.40607469863137685,-0.040626702111930715,1.1319734392238747
0.30607461747963394,-0.2516319131856346,0.8647585548712647,0.3250498698807292,0.504801326016486,0.976312123778891
-0.5359515547522513,0.30386205115994835,-0.6411483380703837,0.7376188447072023,-0.09034741954157305,0.7795235304441592
0.8855718270604666,-0.09220623584740051,-0.013516183225265512,0.25634522163053886,-0.1686801411583213,1.1310035110453482
-0.9863140762943534,-0.5266752740048377,0.02128600520225006,1.0423754295810288,-0.04762998741895899,0.6463763580425285
0.6807128384030772,0.6331375268478208,-0.6107812076101182,0.5176531074888923,0.38356283225967286,0.8402847795823998
-0.5877693166661857,-0.8668822860896437,0.41330479844989104,0.8750068350624485,0.17232272810573745,0.7798699121587739
-0.8521713253563358,-0.7076535116146034,-0.3194423257654858,0.7879256534129718,0.1901377420173303,0.6029468217852453
0.5279022924504961,-0.37933065215185113,-0.5722667456911735,0.3584172004169849,-0.15550353848171877,1.1046207244489994
0.7508307823239961,0.8419409449749005,-0.27311016547863515,0.5226294759999005,0.39803778951276186,0.9458581570685725
0.5222527040390021,-0.4305598353241289,-0.513799436287434,0.3555486137686771,-0.18689384289299826,1.1250987092938465
-0.2144541379222149,-0.7690198726692901,-0.6335900049100883,0.4643128300523449,0.32481755536664536,0.89146439349364
0.037985638712524444,-0.8892091816714798,-0.20861879748957388,0.41882582359943477,0.11412901714647881,1.080605092128044
-0.5653325154461373,-0.8932361347456492,0.3778584520337731,0.8372906720439295,0.19530948953124735,0.7893011943186675
0.6718801596906695,0.3614290535990128,0.7317954222592323,0.41015225237581965,-0.18838558219360765,1.2199181151115979
-0.16307154819316974,-0.3640178060959012,0.9310153652039397,0.7281666669309528,0.45585057867427803,0.7893997065036661
-0.20671428718237692,0.7500098844692171,-0.3925716706342605,0.7598400456403269,0.07314542375992437,0.6976367266740869
-0.004857695845002,-0.9130498759744161,-0.1701711973121331,0.4292739107045205,0.15055581607702945,1.0630373599512037
0.5857020366556168,-0.526510257791208,-0.0032714197270637788,0.25965133049099415,-0.10460505495798524,1.1852796598648667
0.5138815919374522,0.14246530348554542,0.8559319983056491,0.3962479266814374,0.033541802170052815,1.1018564205767452
-0.0577555617761123,-0.901491760144812,0.30335678290034146,0.4035324151931865,0.45520549014062206,1.0170233032807239
0.5688158253510387,0.04750589743527445,-0.8018914658977584,0.3991786138801022,0.133428465795315,0.9495160017596285
0.47487605105563324,0.6669171075771194,-0.7057704532252245,0.6192712932594678,0.246940083317338,0.8099420430859934
0.6078680453061163,0.8496837380361242,-0.42830913673305404,0.5918603757826234,0.37556546186934137,0.8557894608956482
-0.12416653494280946,0.6871499031955055,-0.5948002828458767,0.7720831622416736,-0.07947926131513731,0.7522547345910406
0.11737605311045379,0.9591413611731854,-0.09084727646779392,0.7021090937709109,0.28559291819844346,0.743474693630909
-0.38555722054687924,0.5589550815426578,0.5185179177439317,0.9198560494802975,0.42007939572757264,0.591523234205865
0.7866008303021783,0.557992709156258,-0.5505361068644833,0.4509671056599396,0.3870535534965541,0.8718709547022263
-0.054848534785232654,0.0721360718952746,0.9934148072187985,0.8447384436104826,0.13087894715619275,0.7833471148729813
0.4219584450714561,0.7151442882451151,0.6799697917959775,0.6566675385103974,-0.21260736285368403,1.101294311926852
-0.7793373421409954,-0.22982100779929304,0.6224173994496865,1.2581321847508586,0.031792493870519994,0.6594347192361475
0.45142560615375193,-0.46707336499830787,-0.5646129030472433,0.36595053945279943,-0.14407102676811098,1.1186753142355812
0.4439324849895677,-0.0442454519525084,0.8658754032028081,0.33889914161750506,0.25962931031968833,1.0440499028803338
0.3742252953568534,-0.5348601189422526,0.5687019836841197,0.18021870061820666,0.5426345152189672,1.0728913654977905
0.685783448714395,-0.2672151003475052,0.450890704544006,0.15971182354055619,0.1742061053830597,1.149876881307466
-0.9170492932534535,-0.24107184054614206,0.38127070265278246,1.2058035528432387,0.016051307355185535,0.6647124984032068
-0.4215235121878095,-0.4062470508574294,-0.8669919300477251,0.5112127317164412,0.36678698322345793,0.7922497679256063
0.37827485415467876,0.8326960390763558,0.5497520353627874,0.6699822475416155,-0.08019336892503362,1.0443702114426916
-0.32245967840365325,-0.3432775899906224,0.9160510536807566,0.9148851513815172,0.3173419083774315,0.7383116382007067
-0.27722099792957217,0.6971209775472491,0.4119300755355985,0.8312717466036366,0.43420363807009404,0.6146341612031577
0.08199635334520088,0.6087836558941548,0.7766275455169428,0.8220985860417169,-0.030075673408948317,0.8513727996677674
0.9671353070347131,0.2658352585352415,0.2289051253150915,0.2783217427270427,-0.09254151203022673,1.1904566032966626
0.9589227400223469,0.46978632462058156,-0.26007871505822916,0.35992899317428684,0.22856239558545421,0.9989646985064695
-0.5054171829744407,0.38959625763699646,-0.5902585543137958,0.7504152021643026,-0.08099309222875199,0.7642798052807374
-0.6924033546622692,-0.7357943253969121,0.5097204984594649,1.0468883710802297,0.04249142399034153,0.7394507055379906
-0.844506126878687,-0.8098085035401308,0.08917273968196018,0.981814220810165,-0.02039618716352276,0.6589417448088278
-0.5178546028356995,-0.8310135623529595,-0.5117985965728745,0.5729465551363584,0.385754095231876,0.7196822396336754
-0.43875451436775276,-0.7251841399243957,-0.6657015082313171,0.5138093890206401,0.4301714242432225,0.7580699513840049
-0.1809498857704145,0.6017683521701933,0.664259906410926,0.9000090539122458,0.2385049003074179,0.6771632431275176
-0.5171717817214496,0.5652482092590938,-0.23071712062233363,0.7652026206517142,0.22359417953615832,0.6581979695518729
0.7574079586764146,0.8920541256346606,0.009606482131766137,0.5187469794867061,0.24231462221581085,1.0818472971658648
0.5800701976504677,0.18015179071661835,-0.8133776159687441,0.42727417829336617,0.1989479859348137,0.9094411680191823
0.8800846551562084,0.2323314000482426,-0.4616405837368209,0.346464166416065,0.1259618987204523,0.9592710424295667
-0.35355144205954375,0.1299012229448837,0.890608896140726,1.0830281799692258,0.14159639781202077,0.6569639809764537
-0.15664441022422826,-0.06802969403754533,0.9876133364829418,0.8811109112491691,0.2179758502465295,0.7489513118306089
-0.5471362437154103,0.5278467800131759,-0.2586240912084143,0.7665658885298471,0.197743182165876,0.6680342791933487
-0.5475193833470937,-0.015693568849141748,0.8104160238159617,1.1845448272432444,0.1425813910997566,0.6352112078903789
0.6481351010446614,0.8624724713802037,-0.3695133351816333,0.5739218459286339,0.39109007675668067,0.8823787213593703
0.019838704437848995,-0.765792868199779,-0.5478803219290975,0.426748355479124,0.1297395645148237,1.0303300021352284
0.5495949487218437,0.31572657008105565,0.8274549182390681,0.4630749996252124,-0.14574864148788375,1.151299664415076
-0.47146667438416173,0.5486428322836865,0.3970928582775692,0.8979254028325044,0.48197007408356474,0.5742937662057035
-0.6464379259848677,-0.33272448334352367,-0.7571935324370292,0.5991441071068242,0.2681282661250801,0.7256609741522315
0.980326778473026,0.5250642941413046,0.10950379337760914,0.35190632250880166,0.03185224491106814,1.1731652853466827
0.7145768635703386,-0.271615964455892,0.379107134383249,0.16750465977119233,0.1075072135091509,1.1584312845008016
0.2789144789109284,-0.6847767027500007,-0.43651970343643703,0.38271315413415846,-0.08439633062624767,1.1369759953995666
0.5040649524267519,0.8722549267514881,0.45229830074469113,0.618023620421811,-0.06980905960283619,1.1148104167441624
-0.980693851643683,-0.23336035444518033,0.12377767172753278,1.076461059367705,0.048170774527785065,0.6676832206724866
-0.3187711401743544,0.10598613050579986,-0.9153906860207561,0.6467876051114408,-0.030420368153102964,0.853980373504299
0.31240105241043015,0.5606029878187844,0.8211374587401766,0.7026001269358071,-0.20632341344701258,1.0249778499079427
-0.16931057430756372,-0.24728105303834758,-0.9655276584818994,0.4876946497735405,0.27205486073029994,0.8891148755355592
-0.08547199114439082,0.43552047200728694,-0.8581848233020669,0.72433071681104,-0.14255544845318874,0.8370756269338312
-0.7728402815677972,-0.7630428455659173,-0.3816650405710572,0.7221876347811474,0.2681674476144019,0.6137527889732635
0.720898642320376,0.27414776798241514,-0.6930404343548437,0.40570757460812773,0.23702911616317374,0.8971924786888298
-0.7705916552721815,0.17651599993844136,0.38467972445833,1.0651447375694931,0.3364641656022307,0.6053077787596474
-0.31361737348141805,-0.9753946282227943,0.21144671466318962,0.5784142024254997,0.3426914930377763,0.909131453189507
0.9215159950609196,0.6507990223926423,0.21346819696300548,0.4032870872272348,-0.0037731543004042856,1.2244888340411908
0.2951776413804236,-0.08290383640289778,0.9318117844783407,0.43472656320247727,0.32183118737923033,0.9645862973143873
-0.5671081019669603,-0.3961452171150168,-0.8002452269176068,0.5585115903355872,0.33572919031359266,0.739460041376155
0.70365125623248,0.5625880708630318,-0.6350594316383056,0.48863605750868216,0.3730230030635655,0.8465825208326271
0.30923644256584204,0.9940693156751461,-0.07889892711434038,0.6686994269462029,0.2829553455799352,0.8305014260438983
-0.8771785556032659,-0.43218312427192207,-0.46826323631813443,0.7403078913935575,0.1912952108837866,0.643920523644242
-0.3028798174531854,-0.7871609362572343,-0.6167378896687293,0.4870353883226092,0.36635058747383525,0.8403606015400058
-0.5800807698939058,0.3313694722130738,0.5539762689871568,1.0469384709991436,0.37956259342549525,0.5792387530750083
-0.6315609424428266,-0.8191185460317345,-0.45770682416245373,0.6319288540667665,0.35499883499155455,0.6631698515227825
-0.048796261880584516,-0.9420009935910612,-0.019330173442388875,0.432186412125125,0.23505711341692684,1.0458601102679381
-0.9101320248371219,-0.71395624966673,-0.11720914528724041,0.9208832350902968,0.04143091177299174,0.6159179437111835
-0.6223294095085594,-0.6035915455742042,-0.6748850794545759,0.5726139315442289,0.4070935648898327,0.6805187092566061
0.3168522209956608,0.3125380786549803,-0.9254898960236368,0.5606573143196877,0.13639646310958123,0.8733798869899813
-0.333223570732992,-0.9891403317425991,-0.13930004424794612,0.5660486494828503,0.26025618755271523,0.8808573761691989
-0.7761907756339006,0.21185035529545537,-0.31064356708906965,0.7875449785001539,0.14155335316722611,0.704319932004751
-0.8384581275410365,-0.522894358745223,-0.49846179593765405,0.709785189515938,0.24607298318907822,0.6297755703714961
-0.7448740294525715,-0.8855361196934792,-0.14623331204934387,0.8028025795347894,0.15764326002466683,0.6494308354195376
-0.14833889137079515,0.8555908603445608,-0.07167670026889128,0.7311860043810169,0.3232972649874995,0.6566159131222848
-0.5717082325118188,0.3962415679572744,-0.48209002491665814,0.7555287444905606,0.0032751670873522737,0.7352440155434686
-0.003600734217743254,-0.9196974009058672,-0.11713997310060595,0.4241761191798773,0.17007530102963017,1.0658293473867895
-0.3029883809596366,-0.7501526413887138,0.6609967533501551,0.6607999685919301,0.5048522416013014,0.8488626681521555
-0.40081995471831616,0.490376256657689,0.5965429344612353,0.9692822005286178,0.3723542316078566,0.5947789388520799
0.8123210695701636,0.70226219952387,-0.39936914637797916,0.47172052387967467,0.4193279395932127,0.9109526243864344
0.9434765227513184,0.4692421838703231,-0.30933055781786273,0.3664022242413758,0.25404843850028774,0.9772935279830557
-0.9703867257909898,-0.4584824973643995,0.22152695887706125,1.154547937281804,-0.08868358403366088,0.6691637619429305
0.19950095260457906,0.9604095697973636,0.21292637760550215,0.68420177532369,0.25630121844324283,0.8320612612591922
-0.6194138443538918,-0.8909993700174088,0.33807302885285645,0.8788176464215596,0.13736747497238316,0.7667893647508529
-0.5962527204243533,-0.9152988968396658,-0.30069212496957987,0.665275670027177,0.28659338486410346,0.6980796450132797
0.9030794130437358,0.4191565702012414,-0.42167141440379885,0.3726491557485831,0.2667337928588476,0.9381911539397623
0.17705488889419835,-0.8165579883516039,-0.23413164959046678,0.3842380889102304,0.016140684278781375,1.1330056114252873
0.43210288752430226,0.960054359108385,0.2703823006874503,0.6332973711735792,0.12198217383809334,1.0042067217283581
-0.35892877351136904,0.5681618966828159,0.5387211845249609,0.9181207285139649,0.40218062751441447,0.5990722463447615
0.7785461756896827,0.1448262999172747,-0.6058051735297985,0.3625506718767672,0.11358750948890263,0.948125180255598
0.735952519224855,0.8920489071161901,0.14327774097381793,0.5255672534719849,0.13299795849629797,1.1377102820431193
-0.808868662470678,0.15603443161508435,0.3065542136728739,1.0412697534161948,0.32553379325215626,0.6164750009802519
-0.2081958530336451,0.2984663104906178,-0.8887034403247964,0.6992704296791954,-0.13125074070973633,0.851350700784578
-0.3021704588777422,-0.703122020159884,0.7100901740285164,0.6850374597210322,0.5038868079540952,0.8345531323166112
0.07357689609781076,-0.19193121851846806,0.9685105249751849,0.5786600976375624,0.4137136439322142,0.8584770281144571
0.1573424312582151,-0.7615649476045108,-0.4313472418675622,0.4032307223556988,0.003270677462806442,1.1049157854441398
0.611183053174142,-0.44384890843748526,0.30197821907585626,0.17723311276666817,0.14270139811076737,1.1597362719179258
-0.6425233547362544,-0.14419357263730004,0.7585324970048634,1.2261821057543336,0.09632522449293882,0.6483677445019164
0.571099740117654,0.269258234836526,0.8189640364210409,0.4258749431859154,-0.1057250681415152,1.154075181134483
0.8209865733247452,-0.18243378114260578,-0.19860657534899545,0.28922916272716637,-0.2177022976264163,1.1154849089998526
0.89783873987674,0.1766124968180165,0.4024562088859264,0.25117499692124917,-0.09247018351564666,1.2134075883291027
-0.1841059237195104,-0.9278803314452726,0.3249332627444729,0.4875020816872938,0.44726248029365684,0.961458775263084
0.892927627267263,-0.05173464981965936,-0.15254959134159482,0.28277928999699664,-0.1678568733652619,1.0977231400671912
-0.3122643592831988,0.14491586624423136,0.9061502859807148,1.059192248444177,0.13152507405064243,0.6688861873313301
-0.524057273411891,0.40400436222074276,0.5471751211140914,1.007771431251956,0.4032372847666318,0.5773345685728755
0.921617632039743,0.3048661130420631,0.38489869755753187,0.2897584672998027,-0.12186273615603846,1.2342804861761516
-0.01109008327505437,0.5748644439719077,0.7795488042814216,0.8661086347196931,0.03822206171009829,0.7881237712262934
-0.7040060448729277,-0.13716360964021979,0.6959535339765793,1.2423427734552466,0.08903461746651498,0.6443733521136553
-0.17710286843498066,-0.27868533109949145,0.9573075797959019,0.7939141506622385,0.3765008290900048,0.7691797835130718
-0.35301330410913295,0.4734113769644406,-0.6658377900247356,0.7590746993439277,-0.14658813935262424,0.7816165928818272
0.30921027725421774,0.8421143945903833,0.539158447187157,0.6926627441614663,-0.02257460145912321,0.987737799614212
-0.8635122171993209,0.04055022948113818,-0.3079889811519744,0.8065956803172525,0.12820068763809037,0.7036182808994266
-0.8737443826529594,-0.3710986165115975,-0.48460340043415806,0.7361400661024093,0.17727020088104023,0.6585737388711811
0.6107364027041278,-0.011716706965153145,-0.7464891605685807,0.3786579549554982,0.07562997671836644,0.9744375952047443
-0.7263742494937537,-0.8558817058541126,-0.28256118392866464,0.7382234523875164,0.23762848120101152,0.6370227373624943
0.07746743239578448,-0.8888641661862442,0.08758101904825397,0.364291196346679,0.26045364991197006,1.0948802511636881
0.6459099236094364,-0.33173991899690836,-0.43883913040798506,0.3364531365641187,-0.22269540707421007,1.1170057064341308
-0.9990535631219113,-0.37221326039602154,0.04259994145888365,1.0516032207878245,-0.008845467381178196,0.6612507297405161
-0.5663227620491903,-0.9706343128798585,-0.11212864062479189,0.7015804385798272,0.22513519631070675,0.7436316631170811
0.7376941226844156,0.7130960471491163,0.48712628271186004,0.49833656929501663,-0.19904165009082658,1.2669960681781707
-0.6585471288087286,-0.6927742018787304,0.5811798808043132,1.0502558085018125,0.07747009573608907,0.7429935752862576
0.160892473683233,-0.7606548882702113,0.4290481130744158,0.2703927616874044,0.5388086680428767,1.0627173463974184
0.3385290361220322,0.9168583618019448,-0.39905056410259837,0.6916799479881235,0.23486216788324973,0.7916354969631514
0.9267395762112731,0.5442097827091712,0.3135445857233785,0.36989771840956337,-0.0976793692347521,1.2534916804788943
-0.6807829811390179,0.375330098332185,0.256320929633307,0.9296041585407077,0.45034374596668825,0.5890242834342561
-0.7829292869222553,-0.2243166096727005,0.6169779275635756,1.2577311602521544,0.033798241838996164,0.6585661351254206
-0.18828085693273314,-0.9785447100486475,-0.05241939836455086,0.4978948540628036,0.25658313718533493,0.9729943533522364
0.8103138872225699,0.050176605934522334,-0.5151291822444635,0.34000140014331426,-0.0020032042907054456,0.9933989887904205
-0.8436533914692342,-0.6681862642469327,-0.3839590324784266,0.7550438021950762,0.22515122443413138,0.6052615568640022
0.3063781758613634,0.978266005367211,0.1946638114322655,0.6615952602624755,0.21929344119166133,0.8960173078563127
0.21686631523610939,0.6781394617634269,-0.7335747874506751,0.7171097490672002,0.0321992868766251,0.7951809611097687
-0.06689793653344382,-0.7168082228624506,0.6607281526221352,0.43331878089591735,0.6684928861408542,0.9271383149449691
0.35352341347501565,-0.21485456831616023,-0.8556957248886422,0.39615353509225376,0.10518797611368505,1.0058122814277757
0.5157448033771022,0.5106603455894889,0.7864266567726783,0.5652547776652952,-0.2633477331430407,1.1616384131750004
0.72562084385825,-0.06134613161919744,-0.5832585350197629,0.34742347432667603,-0.04692567582588677,1.014919035999955
-0.635293804129774,-0.6381466955382638,-0.6424457176703255,0.5828394441937363,0.40539878144212116,0.6701636252527093
0.033041584707593254,-0.9107018220514422,-0.0444184413564476,0.4023474607022691,0.18924832071717138,1.0829887789013546
-0.10656460253342029,-0.4158813393709433,0.9076945330041063,0.6334822491283073,0.5369615635731564,0.8198983633921635
0.1042064165683156,0.17289034602959186,0.9840658452781097,0.7452515984650614,0.04508430419446158,0.8671785650149525
0.19625965766390907,-0.831769330886236,-0.022081653909609405,0.343749811233681,0.1192621685556928,1.1414235582864471
-0.24946428615943728,0.6871767695250823,0.4715097237989508,0.8446792027553541,0.39811858374348197,0.6280407059076741
-0.6604085602165662,0.29829810026854875,0.4587522099059072,1.0362356125470176,0.39858651786476623,0.5822310086237128
0.48101177002099926,0.5258060380790581,-0.7945375746338054,0.5746257867800444,0.23581704733880793,0.8286881212492588
-0.3206288715970002,-0.26678323013477523,0.9341859104441551,0.9518815291795125,0.27260674616504144,0.7243134223321415
-0.8483893865839188,-0.32308703340534795,-0.5293726812819661,0.7158136273787441,0.1760403993434314,0.6741587821208967
-0.9310837936917428,-0.034854982825412106,-0.11670261200494433,0.9016287730339922,0.15647027319819523,0.6799345542588258
0.24825701492832025,0.7040310337623381,0.7098473983007934,0.7379957042305151,-0.11396021233439603,0.969637078178349
0.03574367641503251,0.8191044877426998,0.4898190587684953,0.7638481031087532,0.21535503605802653,0.7779685253000557
0.8225283419313786,0.7005485976674435,0.3846024655156976,0.45621635447456094,-0.13005523072815983,1.270198277239192
-0.18221763315894188,-0.0023660829370295566,0.9805846312791534,0.9311895504104667,0.1688599561475321,0.7326681075062693
0.03659930010532843,-0.7900405682078588,0.49267380966868773,0.3357529983470482,0.6050474627012097,1.0097131815543043
-0.055299787385746466,0.8346753451033522,0.37490453972017834,0.7590196048148935,0.33458419006162904,0.7077768071388922
0.35380438216206567,-0.644986835126065,0.4048255383654928,0.19944938642584367,0.4301383219308031,1.1118489035373385
-0.12175081021335583,-0.6167939806746003,-0.7775701786124978,0.4330579725150702,0.31930063370026945,0.9233536884858426
0.4788311281663363,0.8549209170080534,0.49153162335877715,0.6290098282441414,-0.0918297931761612,1.107224530510409
-0.6415569367812667,-0.3849298551584277,0.7518352341170306,1.184684891183617,0.06678321603358864,0.6930472610010917
-0.2199771602218686,-0.9853710874139687,0.029851168929714487,0.5133848317240514,0.2882115055705788,0.9583700504086566
-0.4749382669247445,0.40606693139778516,0.6096159516011898,1.0178878691483173,0.36447305884423375,0.5857179593969757
0.19723781194528883,0.963611895085071,0.19444541056500256,0.6836952535672259,0.2634894959892378,0.8267687360269006
-0.9385073023915628,-0.04498825274453444,-0.07169848589802728,0.9260791950916233,0.1582768302262864,0.6759870342337122
-0.23018585675408268,0.8066557439281061,0.10820673028619171,0.7482070260507371,0.4214131045566688,0.6260804635584556
0.01156817042384657,0.9264224470987592,-0.07519992820191453,0.7143125056883532,0.30018282983429534,0.7043695082042825
0.692194098841414,0.7336028765238529,-0.5122810763288634,0.5352885979815308,0.4080492336210722,0.8546844848213748
0.477929633591852,0.4648270059875754,0.8234070378677204,0.5739046905132703,-0.23900611443067754,1.1323985422641194
-0.7171147170685681,0.10620760482255043,0.5635334349297313,1.155963056965456,0.2557459818783736,0.605516206033569
0.32710362302519175,0.9396302334111388,-0.3405862775418691,0.6896166845264238,0.24714486915423847,0.794251251168959
-0.9945444921218647,-0.42354350902418947,0.09231109103080863,1.084662544381673,-0.04363600475332019,0.6607937359300424
0.848437057897164,0.49996707587053724,0.49348638732744354,0.38292280852701227,-0.19489149295394165,1.282113484411971
-0.131361837139072,-0.752260450271558,-0.6371801673509636,0.4471517337310391,0.2725089043840132,0.9383770904159374
0.26092868407561376,0.5546862550583571,0.8303176658928788,0.7321590182687431,-0.17891350879409337,0.9868137666207202
0.4178862230546165,0.9710803389898524,0.23299432471798162,0.6359889804413122,0.15399929468169285,0.9820613218462146
0.5072308247206232,0.9558339581476805,0.2497013174272487,0.6108790885809569,0.10736409567041785,1.0485660307116964
0.6038338443646494,0.5873643011199452,-0.6970854034819628,0.5402055449551532,0.3302503298678031,0.8283715084115174
-0.8280368424389238,0.11092342027552782,-0.31931661483665175,0.7952194100794138,0.12964805077920885,0.7071327059017742
-0.11476188740988501,0.8494033344397773,-0.2324227539237746,0.7392596694301631,0.21375726330073438,0.6791882645733937
-0.10225967336963056,-0.9260585455976516,0.26296781535903985,0.43385404357067753,0.4226263559517004,1.0043712625141221
-0.09127409196235271,-0.9026030553722975,-0.33291979621529844,0.4611418276293317,0.17305907759875938,1.004248560763547
-0.7095482775709364,0.35061125733496823,0.21428583107375984,0.9242452714067405,0.43320754126647,0.5976354655361124
-0.3705764484076049,0.5474413655032526,-0.5552132949624973,0.7649121906553151,-0.07694528907757925,0.7460672919372894
-0.5883637934211061,0.47886293695301974,-0.2758510885816776,0.7691054854674275,0.181463906490108,0.6766644708474204
0.05378440936486188,-0.9020725803534415,-0.04187045075053861,0.3943534123282048,0.18118219982404526,1.0916453703161642
-0.6048668333512132,0.24379554675049153,-0.6093460213501984,0.7335487415848595,-0.051206127364727405,0.7704586203272779
-0.3886351528911126,-0.9909997501206818,0.13329860453109205,0.6263782504411953,0.2875391065909069,0.8694545319293886
0.29490376018725684,0.3545747987287944,-0.918895264506009,0.5848163139148098,0.11513493080013901,0.8645193767180499
-0.6278611014970231,-0.19728888489322416,-0.777015538598529,0.6211266930597547,0.1700769709300271,0.7572306875320345
0.996581941695969,0.34322561771171745,-0.07276120330537132,0.31451695417722614,0.04004465945046905,1.085474131278097
0.8034680714571463,0.7055622592638253,0.40940991459698917,0.4659481185332999,-0.14778755932259738,1.271868626757526
0.8925899102872679,0.7066893422881189,0.21416598418518482,0.4284237111274335,0.01110129841269275,1.2230417274571705
0.6173993781245593,0.18064050176629798,0.7844467117548606,0.35111940810103554,-0.02547655685012752,1.1596427320614886
-0.7113529796077127,-0.45034989848986595,-0.6754845671948242,0.6164608572876464,0.3126855758194983,0.6791505882353249
0.12891667655481032,-0.6248126361210173,-0.6725156478381302,0.4038405347217891,0.09525039437957906,1.0481707676322465
-0.9795561211907189,-0.3161461229086793,0.1915741497758913,1.1289580982913758,-0.012720457088118087,0.6684293582392901
0.22832029828858655,0.6148632119525634,-0.7886091926683992,0.698821050535894,0.03224298371457615,0.8090862276245088
0.30665584710094856,-0.40727588597767017,0.7647366366893572,0.2469270616123435,0.6135395668977922,1.0005839786237107
-0.5646069555355246,-0.7263574439407474,0.6126549576370024,0.948525848110532,0.19695960316144379,0.7693212322206859
0.29228272688375856,0.9951600745258344,0.029848407105308974,0.6656178785619143,0.27478108587118566,0.8459186062213241
0.6406592103106785,0.1904256808267435,0.7656446716897253,0.34300969673045123,-0.03945997215174963,1.17180787010213
0.3261836842606741,0.8305975205711096,0.556768694060175,0.6891494539539953,-0.04979576389208465,1.0049553085928837
0.1937315687030554,-0.731266173373877,0.4522910638767132,0.2526411268148839,0.5492553297680292,1.065160058722503
0.1124522465966022,-0.8656666623044662,-0.1487681668055461,0.39023297004902396,0.09254194294301786,1.1141136529955458
-0.296746263431333,-0.9646624380001756,0.25221745104130916,0.5685494958824224,0.366741944788368,0.9159904416706869
0.8443598330411495,0.2690805299035943,0.532775163214403,0.2928453723213861,-0.12400262115167719,1.241470299816929
-0.29204049610836913,-0.15923645698944577,-0.9549929040392672,0.5424959098409645,0.20130173333921922,0.8573414674777352
-0.01094651798969192,0.503926243149831,0.8354422162430778,0.8785759022410105,0.0055680791843014665,0.7938511535007676
-0.667172194251367,-0.4309182497763495,-0.7199115541531168,0.5954080053451718,0.32302777709595154,0.697686536358355
0.49631086147592063,-0.529805766238681,0.38666438792391217,0.17137486545594094,0.3115040971475601,1.1365469942580895
0.21332799374830583,0.818129628845897,0.5651561016921077,0.7279920609572433,0.02719832818492743,0.9185808699037428
-0.2520933773725057,0.48463589883595337,0.736345701499139,0.9666958290719498,0.21835999111209425,0.6552966769007633
0.9548826780442139,0.3068784180189903,0.2905969061388401,0.2879534910485866,-0.10287133641613913,1.2131429892777559
0.5137838813666339,-0.5172558767466742,0.3764765356440712,0.17079083655059257,0.28831510437388047,1.1404718949658121
-0.7382036240255518,-0.6891168718331551,-0.5101929087938419,0.6592870198531503,0.3366654587312398,0.6262736945392843
-0.4790280746960376,-0.43350613349977185,0.8347275810473447,1.0289668390029116,0.22094217251126397,0.7241862305125099
-0.5114641074871702,0.5839488502827481,-0.17122848396933205,0.7675975697710562,0.2769385877024904,0.6428415422053877
0.08947511904873912,-0.12322748283161422,0.9813564247248345,0.6044971138620564,0.34264184535130127,0.8610203704594507
0.25719443138295445,0.9894034978700497,0.06624276547871893,0.6712055400174745,0.2754134060764509,0.834638036336457
-0.17346761727415572,0.6292768862357654,-0.6360020710547036,0.7720388095900708,-0.11872021070274053,0.7649435662167207
0.9135246293906195,0.5751796724586784,-0.32403154686346836,0.40001781551191185,0.33548562512394914,0.9614459114396352
0.5954388911380492,0.12434146747514441,-0.795740776427961,0.4089839052895316,0.16926911131575037,0.9271923151466223
-0.12732910043431095,0.3058442531279968,-0.9148588838351225,0.686785277667108,-0.10720316695193921,0.8596408255230648
0.38759477291382194,0.025464128600222624,0.9123250163097256,0.422830151870365,0.18696348737873217,1.0194287909337305
-0.4393799431615574,-0.9283144971636736,-0.3599838983946383,0.5798751971649504,0.31326609137179656,0.7847313761081427
-0.15878456132177202,-0.7939946317396824,-0.5877871139350453,0.4583571503059544,0.271970216143139,0.9301632210040901
0.12544557242645357,-0.5078667769901231,-0.7894419276671686,0.40166736472236336,0.15827838926409823,1.0171492797317618
-0.12710843212766132,-0.08976431517647532,0.9908791408862764,0.8421618117734511,0.2437938973938588,0.7627002028476629
0.1271177399992049,-0.37486010194283215,-0.8799618530978343,0.40914827416439203,0.2003820018585632,0.9898057389337434
0.09073137491021262,-0.7767992635015466,0.47108198048909666,0.3039022366599608,0.5868317925661687,1.031928946702055
-0.75246477960192,-0.8789430983469277,0.15252799336715606,0.9322358399395753,0.034284736297591364,0.6970361736379367
0.4864982891099154,-0.585958916950376,0.26041877936399743,0.20091764703095008,0.19891135944938992,1.1589647865235282
0.3715331695896252,-0.21174844564380502,0.8462124189382537,0.2967422123471817,0.4536045054483188,1.0062093318898424
-0.3306839969074432,-0.9966785846503989,-0.06206685500032684,0.571433072010489,0.26508370793113434,0.8899418204978492
0.2811388467411152,0.7255291274817561,-0.6881708055431444,0.7058345125076577,0.09424603336158138,0.7901729055437855
0.06716017399484697,0.016334711625750176,0.9976922423560928,0.7054983217852586,0.18897929930880353,0.8455432273872612
0.2374630008465861,-0.33381167797872435,0.8562427670214038,0.3361402894052054,0.5841227279967158,0.9527334158253065
-0.42947613676686924,0.5611622750531686,-0.4487797320110335,0.7620717327239307,0.01569043283490154,0.7154161620368957
0.5463556511605058,-0.4793029131694999,0.38606507252676686,0.1653982220723797,0.2692534575897747,1.1420173568528251
-0.09605632201001425,-0.5150342939433346,0.8503180146505722,0.5623900320100734,0.6121643946636645,0.8480928371824228
0.9918638717512033,0.36651671531762586,-0.126737309369377,0.3237127008971721,0.08142880218823098,1.0624857754122456
-0.4974449671324676,-0.33852851589026667,-0.8523682723037057,0.5459200186102634,0.31161134185593364,0.7742064667973543
-0.2467135842148738,-0.9028614203060839,0.416936739909736,0.5422909516136898,0.4711760219554223,0.9220371677067883
0.8403145711058824,0.42311608319355565,-0.5304845709231419,0.3972653495034375,0.30715279150836944,0.901003910080918
-0.04475160055553221,-0.9052519599890363,-0.2744997547864839,0.4472473716650317,0.14889391425642756,1.0354060184974476
0.3482611543762031,0.8376463870613657,-0.5452886882214566,0.6946057755121269,0.1917904502760856,0.787104473101346
-0.09610054593004932,-0.6233560503772964,-0.7668812663365114,0.4296333893212916,0.29916290124925926,0.9372270587387453
-0.6939724472083046,-0.7787410648755935,0.45691215398741486,1.017661644879571,0.045483452195355774,0.7411313179558106
-0.5302478591588665,-0.5167221825218284,0.776465752473278,1.0360202142707788,0.1945302677843844,0.7334656235735478
-0.669041963450159,0.1803907655322523,-0.5753157872335807,0.7324566988297306,-0.011075077219454717,0.7599028686273841
-0.4782656455838124,-0.9905172141762522,-0.08308991011623246,0.654153080142914,0.2451805356234095,0.7990918189064219
0.8571478736474647,0.238238172853948,-0.506186676924526,0.35488794175880745,0.1497114554777962,0.9459429625640752
-0.40290810809055455,0.545874776270568,-0.5155766930409807,0.7634180680323222,-0.04381892774951169,0.7349889578352493
-0.5804039816960735,-0.4914730324916854,-0.7599672473473575,0.5534144122995601,0.38536352427127785,0.716586989123172
-0.5918439993453185,-0.09108513940268437,0.7928739875496842,1.2058434979502937,0.11976288956441924,0.6430389189121358
0.5427958426215591,0.9692990672352872,0.1585540629277981,0.5995543603801466,0.16526636865871924,1.0368640088666274
0.8937514216804595,0.6263186916402257,0.32481176816678153,0.40656920528162405,-0.09544464338966016,1.26196660574021
-0.21039767920308744,0.598427044482982,0.6459875936304819,0.9046805801651427,0.26875741123798785,0.6613661772574718
0.17567578796694652,-0.5672886095491971,0.706258990245473,0.2799294122965832,0.6931035771931137,0.9821066099100434
0.26694123263506,-0.36472873127287664,-0.821214875374289,0.39210666117164383,0.10035529731979002,1.0286140376896993
-0.09940467683748785,-0.940330459800605,0.19386227269482323,0.43710101800643203,0.3748231030736263,1.0128623169740392
-0.14829482585035542,-0.9619317043650268,-0.1383943410989637,0.4813472103725383,0.22234941691996707,0.9904488874115744
-0.6256991562201677,0.45036664170173757,0.23239655479856575,0.8913207830589474,0.47452998616679054,0.5833734374252152
0.9230247352903295,0.47716077291476533,0.35989911851154194,0.3488750497532862,-0.12781920131719293,1.2580219851703982
-0.0247430115057046,0.780038914235391,0.5201003118932129,0.7898345742117411,0.23831260444113816,0.7444828884816633
0.19719092975761027,-0.747947316506747,-0.4110312531295061,0.3951759596063708,-0.02711059970286061,1.1206440691074995
0.9019494555707447,0.386190853859403,-0.42935175595674546,0.36662383409072996,0.2433371004057549,0.9404264994683397
-0.042211728865838107,0.01458540316408663,-0.9985585266453109,0.5478484756734575,0.1188692660556563,0.9045216813197116
-0.3654981819462009,-0.991984790533321,-0.12567232332528058,0.584025920150995,0.261371871882705,0.862477958642941
0.2977173038104276,0.986169163861013,0.14285211617665913,0.6625436392153994,0.24373291025955676,0.8768617054885534
-0.6543083403880302,-0.7461800489629737,-0.5318882229440987,0.6179692804609191,0.3798947456538322,0.6522998046394357
0.15428653917751098,0.7607606002553844,0.6323159108204919,0.7616347330340733,0.019139697782839304,0.8856467375257565
0.9800778714281214,0.2435840597215131,0.1408018924534806,0.2783771879735077,-0.07933566895342692,1.1615878473794115
-0.5689921351713894,-0.8989606072559897,0.36295323646700156,0.8357632233615849,0.19063870369855831,0.7878321821557381
-0.8783054138270189,-0.410489613594474,0.470960061379018,1.2437417627985563,-0.07709725120611306,0.681518556498409
0.3339387371395548,0.6724903536852025,-0.7352929517215527,0.6770004633097264,0.1260831197266673,0.801568652363887
0.9742038894940309,0.19142754937145479,-0.11517671400970138,0.29567685397363447,-0.040160032918551206,1.0761785023595
0.8984693480421063,0.7477769958076028,0.015285947198515098,0.436754626083094,0.1962591437655105,1.1271567503388078
-0.21331576801290758,0.22154026647083658,0.9204908682065924,1.001083447306002,0.09799436615163727,0.7004121746948874
-0.8916622911059968,-0.20766699988150217,0.42968163659055325,1.21736836296285,0.037526311227692,0.6599838667560671
-0.1649663826294952,0.45153926943086775,0.8144926534328962,0.9534028664258921,0.1162345194566804,0.7042704412983306
0.1144303383784961,0.5168444743695082,-0.8514365868073522,0.7040734999361258,-0.04833050067286193,0.8288340345528852
-0.14496565639161527,-0.16145522419838976,0.982740165044816,0.8241869497813354,0.29610630278431854,0.7636686439109821
-0.5679099480038814,-0.9750602441175735,-0.06329544456897802,0.7151775075942168,0.21264644488768406,0.7500897551283423
0.520427146044335,0.040460134091987676,0.8367099036978521,0.3345824545529649,0.1460150956991812,1.090863539916365
-0.654110834052571,-0.8118560738212084,-0.4490655602200626,0.6441102401327412,0.34608136784040794,0.6532578919235889
-0.9041154833575941,-0.20998551991888714,0.4018825303743521,1.2075714283956147,0.03718607578705077,0.6610313490959306
-0.42468545049721695,-0.7012516872636985,-0.6922097805512603,0.5055469558706503,0.4336359791386957,0.7657553017154545
0.42798135654321506,-0.6431164763563382,-0.23873028654916426,0.33576263386196575,-0.15181133524077295,1.1806145091233238
-0.06269838409380353,0.7179657211154276,-0.5936934592818883,0.7698061504220519,-0.0597334249308419,0.7528902868869736
-0.0765651057910525,-0.5757051849533972,0.8029820816769295,0.5074301801915978,0.653661654509048,0.8731313443220566
-0.38804637198064534,0.4669898091256597,-0.6383502302822932,0.7584809736074902,-0.1294818205156709,0.7741877551903561
-0.18785392494080067,-0.24189460992538958,0.9647598984672106,0.8260897374304015,0.33991215059248364,0.7596582565071123
-0.6197423530137917,0.48343282103946983,0.10351283487624718,0.8408422300431754,0.44635489519553756,0.5976751058929223
-0.108871966672922,0.5659202600521698,0.7461396014648631,0.9009853590278804,0.13064619336477576,0.7249755322079765
-0.6222098984397565,-0.7907698063904496,-0.5040372601923904,0.6138241980289417,0.3770400052808004,0.6657218730483161
-0.3239147783985368,0.7311450786420564,-0.20304707746463527,0.750642030391342,0.24313269934534554,0.6494202798087164
0.22720977414390692,-0.800275045678541,-0.1694714273386708,0.362961432498498,0.009425002446319164,1.151079303041705
0.3024735056249301,0.48720073021530386,-0.86407590583722,0.6321641740214744,0.09824449339898103,0.8362438359445995
0.5488731578543286,0.9584492674145593,0.20441118074506084,0.5973780955675684,0.1289488643107819,1.0586905833695257
-0.3724241768085591,0.4386250673816472,-0.6836147696733533,0.754186215027583,-0.1510545344112439,0.7882992859844727
0.7397591343566362,-0.21074022369983547,0.41138981323383494,0.16959867568218168,0.0971338347326406,1.1604135069106705
-0.3569271251227419,0.21748225779649344,0.8523920357269865,1.0776461369156118,0.159931619241349,0.6447597881456688
-0.6118253663545659,-0.1817200447504057,0.7890524472870206,1.2111179492132815,0.09593985922525938,0.6575591272336454
0.42330938181522576,0.8707627391329895,0.4815748881863635,0.6485278719715042,-0.04923146492550965,1.0624327390608348
0.2817105542709558,-0.6065156384987374,0.5699386723810344,0.21036375946714986,0.6012377264446301,1.0523290879855054
0.5824523800124625,-0.2117860348137628,-0.6640397913172492,0.3607109983446638,-0.06680751059412365,1.0472327717427612
-0.8826634803540094,-0.6742569988908902,0.29515623084156123,1.1312148761837102,-0.1144568569480783,0.6830162784216974
-0.3670845265549083,-0.3210444915821946,-0.9092908168191011,0.5140596966949307,0.3164346309949018,0.8219746123887086
0.26704212438597297,-0.5128065092827852,-0.6979385747953817,0.3875426754835766,0.01703672197645341,1.0726859102762825
-0.34879647270649217,0.5070091260005158,-0.6321553591476102,0.7629967760854496,-0.12983468713902227,0.7702513270321225
0.6224487216142429,-0.4437732862570243,-0.26571685647128646,0.3151309454753701,-0.24378103065394724,1.1631364063654785
-0.3384199739540704,-0.6284677302578257,0.7704079292305612,0.7681643574821542,0.4484237094684198,0.8022416847823279
0.8971818394373171,-0.06316671750645808,0.05915911517081036,0.24499486081336166,-0.1467695803021019,1.1410458895418705
-0.3017382830883148,-0.9096537660211472,0.4125617595047625,0.5894017296660559,0.4353273667275497,0.8995251383057097
0.05084684539524916,0.9186646952712167,0.22711004529205842,0.7128447397989682,0.3209195138186376,0.7468797507772799
0.5890726136702676,-0.008986886742763156,-0.7677031702479133,0.3838746254673269,0.0889850133412732,0.9707806755618266
0.5833200287439281,-0.49512741890082546,0.24120790998395736,0.19349955251189593,0.10957744470191735,1.166741558106687
-0.34701790929501075,0.5296071052144686,-0.6062110412352002,0.7648766462420971,-0.1140672248557443,0.7615849620614368
0.25249380804387733,0.8032837071328769,-0.5927991971665446,0.7219076874556493,0.10748982337895316,0.7759186675283518
0.29643183860739764,0.9647333662090649,-0.25183398584500843,0.6877110931092281,0.26024008445763014,0.795077972080558
0.03765239663573549,-0.8563557189942312,-0.3346413450068722,0.42611284321337106,0.09057438810892039,1.0694365484431858
-0.4265653830712455,-0.3910669470479342,0.8699925193990234,0.9981053001457538,0.2531943901321899,0.7248293903677528
-0.7579657693110856,-0.8060442225890414,-0.33511905135452746,0.7336910313575447,0.2516677465743426,0.6203136145319703
-0.14762031971017034,0.23351235815461813,0.9381093642752221,0.9593392552923465,0.07192443569906502,0.7301600195212177
0.4320042832720835,-0.6693773532654177,0.015195235169497494,0.2774906799305153,0.002739420340825166,1.1834262683270649
-0.8026997528692877,-0.6793759500354839,-0.43848985881537433,0.713606971935088,0.2742786910307793,0.6106671086646118
-0.8433773892378417,0.16845572012243637,0.0919653636454552,0.9416283782391701,0.3070625526436842,0.6414503536477563
0.45557131871479256,-0.40793427417994854,0.6302181259694031,0.1697208236747471,0.4940725170877183,1.0753773977673595
-0.9784492564732962,-0.19029007114693242,-0.061735374365884596,0.9624507664051674,0.09178054120499266,0.6719206744986913
0.9544722841299284,0.5447059753491361,-0.22477801147395052,0.37607359784507366,0.26195911066254235,1.0111540671989103
0.6345075956465696,0.883077713476198,-0.3407260835367363,0.5810585920600934,0.3826717293803999,0.8877503725922867
0.6344015704298945,0.7922441648472607,-0.4927724343151973,0.5730594492883802,0.3862268561781936,0.8470168488775043
-0.8496788732584325,-0.4709203776973778,-0.5026130185971152,0.7151574616096548,0.22550235389284773,0.6393863330502899
0.12273061955551898,-0.6410158553078251,0.657101067205986,0.2973547403706286,0.6937670505990057,0.9842731316710385
0.881452250631176,-0.10028140011174758,-0.029634206174102652,0.25894377117918377,-0.17369439961502556,1.1291687846218934
-0.5145065109522772,0.42049040267197313,-0.5394323347934922,0.754663271920248,-0.048204630441749406,0.7491676209718351
0.8037625135516445,0.7491502797111436,0.35254646406910545,0.47534295542020727,-0.09476382032202747,1.2550966814903963
0.9463801650883149,0.061700788575628884,-0.009993615236563915,0.26779632731964265,-0.12302384537242433,1.1172201251574545
0.48041653863247585,-0.5104069968997091,-0.4550398385349972,0.3561142365097722,-0.19480056633026288,1.1461346285934892
0.050856799508628654,0.8800380216150294,-0.36206484319270466,0.7402849251826599,0.14222234560305302,0.724288280369746
0.12597662126874992,0.5547174266553845,0.8269210011107769,0.8067781165340417,-0.08876774610486937,0.8870216121698336
-0.17894034665809355,-0.018784168976256232,0.9824120712055079,0.9222161877006713,0.1793221614001033,0.7354975490044736
0.39642364595630897,0.07313602715417855,0.9142060696272725,0.44378754222588906,0.12945756748454246,1.028786786471585
0.16376240507701076,-0.7364903342158651,-0.4763217304162916,0.4029610855983932,0.0036078534284937217,1.0997997411499918
0.38877288829364925,0.9044994316913666,0.4237595059275674,0.6550588221288052,0.022673105944688632,1.0200440473614907
0.6794759969408395,0.9064110498103779,-0.21825978733096216,0.5594467417792959,0.3677011414102741,0.9469366205215527
0.9283900708499199,0.10883310407986713,-0.26099656812059113,0.30680948442788364,-0.05348219610534677,1.0417002440353615
-0.03696500942679616,-0.4936307877467969,-0.8542113648409833,0.4219327764065456,0.2873722865804793,0.948490220924686
-0.5888923392570077,-0.7620933785195774,-0.5610922909760743,0.585066592552617,0.40381829816545767,0.6807312409306252
-0.6786229399091365,-0.35693401703533656,0.7267084063730836,1.2150478615918907,0.04083702851774842,0.6848748648954713
0.5134358985922074,-0.06997173602145401,0.8086932648236294,0.27818041661199183,0.26584866484375386,1.077184531221725
0.8762689782063311,0.06377218269213625,-0.3834162766104811,0.32133221624803554,-0.046034026943506015,1.019134379700838
0.1935266929525427,0.9772077970391531,-0.08833928447708302,0.6905448224692163,0.28300745638913005,0.7756548909833559
0.3418576661771393,0.4832292654630306,0.858681454521138,0.6690908749506433,-0.20833039809672693,1.0423453677732877
-0.5824829765202434,-0.694245755747328,-0.6321563638386427,0.5654835977513836,0.4229072762892914,0.6868862970005754
0.1507800770632105,-0.3172258652365447,-0.9017378079897579,0.4129298633884018,0.19637341751053358,0.9855223679406424
-0.963543974570398,-0.31519264637874267,-0.26165963024151684,0.863643569474234,0.09285549464284507,0.6604961683793841
-0.8029764286426662,0.24541748997641633,-0.005107820938809818,0.8781975549365466,0.31413922388015214,0.6465280630850765
0.9507336340828801,0.5872707677247548,-0.19164432246941118,0.38573367989782054,0.269257072758387,1.0257730977251784
0.5090658929851016,0.8475666321863604,0.49091512117141556,0.6171915536758318,-0.10849130710507944,1.1294365988243598
0.11872962226863829,0.2780272985283292,-0.9604721050206727,0.612009100043483,0.033747575082623577,0.8794867623980832
0.5229344984400736,0.986736996822356,0.03131464330695387,0.6086359005631168,0.24714183996640104,0.9758957062490845
